cluster_id	category	chr	start	end	n_features	n_bystanders
C1	PF00004	super_126	13	49080	2	2
C2	PF00004	super_179	338156	479798	2	11
C3	PF00004	super_23	322494	355885	2	0
C4	PF00004	super_41	1918603	2141343	2	17
C5	PF00004	super_53	1219966	1418247	2	21
C6	PF00004	super_54	1608772	1668631	2	2
C7	PF00004	super_56	1028155	1181132	2	12
C8	PF00005	super_9	3905584	4117365	2	24
C9	PF00005	super_66	188169	338749	2	8
C10	PF00005	super_48	15129	207459	2	12
C11	PF00005	super_41	583749	638504	3	0
C12	PF00005	super_40	401531	694436	3	19
C13	PF00005	super_4	1162473	1189637	2	0
C14	PF00005	super_58	574236	710862	2	7
C15	PF00005	super_34	1908560	2287699	3	24
C16	PF00005	super_28	1567022	1597191	2	0
C17	PF00005	super_14	3322300	3336282	2	0
C18	PF00005	super_14	1628658	1715586	2	11
C19	PF00005	super_12	1243162	1398866	2	12
C20	PF00005	super_4	800191	826668	2	0
C21	PF00006	super_92	739102	749498	2	0
C22	PF00009	super_16	2939183	3148829	2	13
C23	PF00009	super_17	1650248	1701158	2	2
C24	PF00009	super_5	233412	276419	2	1
C25	PF00010	super_71	244070	317915	2	1
C26	PF00010	super_328	78735	108182	2	1
C27	PF00010	super_59	1254585	1308168	2	0
C28	PF00011	super_107	1063082	1076325	2	0
C29	PF00011	super_25	1898524	1902605	2	0
C30	PF00011	super_62	1225456	1454152	4	20
C31	PF00011	super_66	910913	914402	2	0
C32	PF00011	super_9	1300652	1304229	2	0
C33	PF00012	super_108	64947	183452	3	6
C34	PF00012	super_73	527199	628762	2	9
C35	PF00013	super_0	9772988	9993267	2	7
C36	PF00025	super_231	221032	333425	2	8
C37	PF00025	super_20	1619867	2109688	4	34
C38	PF00025	super_16	1855970	2081265	2	17
C39	PF00026	super_179	301622	549109	3	16
C40	PF00027	super_78	452649	457431	2	0
C41	PF00027	super_79	1053359	1298720	2	11
C42	PF00043	super_163	89719	105158	3	1
C43	PF00043	super_18	3055161	3084545	2	2
C44	PF00043	super_5	3219610	3336723	6	1
C45	PF00043	super_51	264816	283373	2	0
C46	PF00043	super_513	12799	30359	3	0
C47	PF00043	super_56	1300820	1317794	2	0
C48	PF00043	super_76	803869	810145	2	0
C49	PF00046	super_8	4427856	4463122	2	1
C50	PF00046	super_71	1457656	1498320	2	1
C51	PF00046	super_23	690303	803271	2	2
C52	PF00046	super_1	1192522	1416136	2	5
C53	PF00046	super_103	87734	139685	2	3
C54	PF00046	super_0	10187526	10285464	2	1
C55	PF00046	super_219	159810	196011	2	0
C56	PF00067	super_44	819734	918586	2	6
C57	PF00067	super_308	8990	22020	3	0
C58	PF00067	super_310	41208	59329	2	0
C59	PF00067	super_32	709540	831942	3	7
C60	PF00067	super_35	2043139	2417590	5	13
C61	PF00067	super_362	1715	13921	2	0
C62	PF00067	super_42	996779	1038860	3	0
C63	PF00067	super_46	125071	139554	2	0
C64	PF00067	super_92	342814	560149	4	10
C65	PF00067	super_52	91045	395890	4	22
C66	PF00067	super_56	227830	459831	3	15
C67	PF00067	super_6	3270614	3307593	2	4
C68	PF00067	super_61	143961	176742	2	2
C69	PF00067	super_66	321451	637106	4	17
C70	PF00067	super_77	656779	871776	2	10
C71	PF00067	super_8	4388646	4510835	2	6
C72	PF00067	super_289	19118	214431	2	13
C73	PF00067	super_5	2880903	2953561	3	5
C74	PF00067	super_256	260410	309389	2	0
C75	PF00067	super_27	387126	495555	3	7
C76	PF00067	super_25	1683404	1738490	2	6
C77	PF00067	super_253	31231	98269	4	2
C78	PF00067	super_0	6987281	7004752	2	0
C79	PF00067	super_117	389662	401182	2	0
C80	PF00067	super_12	588355	604183	2	0
C81	PF00067	super_121	469949	731742	2	22
C82	PF00067	super_132	243835	360625	6	1
C83	PF00067	super_134	609679	806789	2	12
C84	PF00067	super_14	1926508	2039573	2	9
C85	PF00067	super_16	2399574	2411321	2	1
C86	PF00067	super_130	375069	404522	3	1
C87	PF00067	super_187	222981	421745	3	14
C88	PF00067	super_196	126540	266739	5	7
C89	PF00067	super_2	90081	226814	2	8
C90	PF00067	super_21	2558888	2648573	5	2
C91	PF00067	super_212	13402	26099	2	0
C92	PF00067	super_214	261748	336874	2	2
C93	PF00067	super_218	50815	71488	2	0
C94	PF00067	super_23	991594	1000637	2	0
C95	PF00067	super_167	184109	362388	6	8
C96	PF00069	super_403	11860	62103	2	3
C97	PF00069	super_414	9381	73714	2	2
C98	PF00069	super_44	416453	525414	2	12
C99	PF00069	super_45	1894174	2045145	2	10
C100	PF00069	super_49	767557	1010681	6	8
C101	PF00069	super_47	395496	548296	2	14
C102	PF00069	super_451	9197	30237	2	0
C103	PF00069	super_464	42523	50127	2	0
C104	PF00069	super_472	10633	40900	2	1
C105	PF00069	super_40	2279607	2369044	3	3
C106	PF00069	super_450	4495	17587	2	0
C107	PF00069	super_39	1628750	1824585	6	5
C108	PF00069	super_29	1771079	1787152	2	0
C109	PF00069	super_37	621786	683559	3	1
C110	PF00069	super_356	18212	114853	2	3
C111	PF00069	super_311	5447	80828	2	6
C112	PF00069	super_31	969297	1018076	2	2
C113	PF00069	super_30	336145	422302	2	5
C114	PF00069	super_3	4429733	4499511	2	5
C115	PF00069	super_3	3042834	3314185	2	18
C116	PF00069	super_29	2122326	2267272	2	10
C117	PF00069	super_50	536069	685746	2	11
C118	PF00069	super_287	49212	108617	2	8
C119	PF00069	super_28	1738225	1815159	2	2
C120	PF00069	super_27	1775892	1809449	2	4
C121	PF00069	super_26	2025343	2213429	2	16
C122	PF00069	super_376	4044	89255	3	4
C123	PF00069	super_53	1313825	1550359	2	18
C124	PF00069	super_64	1221456	1568865	3	23
C125	PF00069	super_54	66621	86561	2	1
C126	PF00069	super_258	5200	9100	2	0
C127	PF00069	super_99	931956	1162777	2	14
C128	PF00069	super_98	649036	1019416	3	30
C129	PF00069	super_91	370787	410813	2	2
C130	PF00069	super_90	1009461	1077056	2	3
C131	PF00069	super_90	8012	646626	4	58
C132	PF00069	super_87	218211	697577	4	36
C133	PF00069	super_86	937888	1135633	2	10
C134	PF00069	super_84	1349818	1407332	2	5
C135	PF00069	super_80	1332744	1482126	2	9
C136	PF00069	super_8	2355865	2678327	4	15
C137	PF00069	super_78	114682	254669	2	5
C138	PF00069	super_77	550856	854155	3	22
C139	PF00069	super_77	26735	106335	2	6
C140	PF00069	super_74	557660	819469	2	19
C141	PF00069	super_71	631919	699510	2	1
C142	PF00069	super_7	4554460	4951378	3	24
C143	PF00069	super_7	3130046	3208684	2	3
C144	PF00069	super_65	1214311	1410650	2	16
C145	PF00069	super_65	199670	231024	2	2
C146	PF00069	super_63	1440880	1549280	2	7
C147	PF00069	super_61	790411	1003479	4	14
C148	PF00069	super_6	3690174	3883285	2	12
C149	PF00069	super_6	1926800	2134813	2	5
C150	PF00069	super_59	912344	1020089	3	1
C151	PF00069	super_57	1065060	1344755	3	23
C152	PF00069	super_56	1342369	1595928	2	9
C153	PF00069	super_534	2	27245	2	1
C154	PF00069	super_245	32399	284497	6	13
C155	PF00069	super_109	622797	898558	2	22
C156	PF00069	super_24	38338	92902	2	0
C157	PF00069	super_137	38877	184605	2	7
C158	PF00069	super_134	346333	568077	2	15
C159	PF00069	super_24	429218	877395	4	21
C160	PF00069	super_131	129058	157385	2	1
C161	PF00069	super_130	672157	722475	2	0
C162	PF00069	super_13	2437777	2588014	2	8
C163	PF00069	super_123	868048	957122	2	7
C164	PF00069	super_12	2430633	2453557	2	0
C165	PF00069	super_117	177299	191618	2	0
C166	PF00069	super_115	680576	797961	2	9
C167	PF00069	super_109	86560	115184	2	0
C168	PF00069	super_105	1062069	1094786	3	1
C169	PF00069	super_14	218917	369840	2	11
C170	PF00069	super_103	553254	599279	3	1
C171	PF00069	super_10	1374297	1837481	4	38
C172	PF00069	super_1	4807302	4935139	2	5
C173	PF00069	super_1	3610367	3930604	3	20
C174	PF00069	super_1	2627571	2865470	3	7
C175	PF00069	super_1	70845	273841	2	13
C176	PF00069	super_0	11460426	11489099	2	2
C177	PF00069	super_0	9657577	9710004	2	5
C178	PF00069	super_0	8165328	8216969	2	2
C179	PF00069	super_0	6008385	6174994	4	3
C180	PF00069	super_0	2524583	2578162	2	3
C181	PF00069	super_0	663740	689042	2	2
C182	PF00069	super_0	281121	359468	2	4
C183	PF00069	super_100	947079	1054427	2	5
C184	PF00069	super_14	3642313	3869913	3	18
C185	PF00069	super_131	693394	913784	2	13
C186	PF00069	super_144	2215	27564	2	2
C187	PF00069	super_238	189659	318833	4	9
C188	PF00069	super_232	189405	214421	2	0
C189	PF00069	super_229	119717	385359	2	15
C190	PF00069	super_225	246370	285248	2	1
C191	PF00069	super_22	2282851	2561905	3	16
C192	PF00069	super_215	159122	327153	2	17
C193	PF00069	super_210	209605	446780	8	0
C194	PF00069	super_21	965444	1054356	2	5
C195	PF00069	super_209	244384	359309	3	9
C196	PF00069	super_141	214369	232210	2	1
C197	PF00069	super_20	74071	206662	2	6
C198	PF00069	super_2	3730359	4324914	4	35
C199	PF00069	super_19	535184	558084	2	1
C200	PF00069	super_207	196146	412831	3	14
C201	PF00069	super_181	374849	433781	4	3
C202	PF00069	super_146	340670	548611	7	13
C203	PF00069	super_187	206943	430901	2	19
C204	PF00069	super_15	628728	745206	2	14
C205	PF00069	super_15	2154987	2547385	3	20
C206	PF00069	super_150	612912	696326	2	3
C207	PF00069	super_16	3043226	3074631	2	0
C208	PF00069	super_148	652333	732067	4	5
C209	PF00069	super_17	1041451	1306210	4	15
C210	PF00069	super_171	285423	527935	2	16
C211	PF00069	super_172	236831	516911	2	16
C212	PF00069	super_18	903621	1124123	2	14
C213	PF00069	super_163	2338	199392	2	15
C214	PF00071	super_20	2612520	2693058	2	5
C215	PF00076	super_32	2204445	2422436	2	18
C216	PF00076	super_99	601299	658231	2	4
C217	PF00076	super_67	1215126	1465400	3	15
C218	PF00076	super_65	1302335	1317384	2	0
C219	PF00076	super_6	4032543	4256372	2	21
C220	PF00076	super_44	1707312	2014423	3	19
C221	PF00076	super_40	1386444	1705001	3	29
C222	PF00076	super_33	1590773	1673926	2	7
C223	PF00076	super_28	1336153	1345364	2	2
C224	PF00076	super_4	1568936	1616166	2	1
C225	PF00076	super_2	2905829	3114859	4	14
C226	PF00076	super_162	187478	528985	3	25
C227	PF00076	super_26	1579792	1586475	2	1
C228	PF00076	super_15	959569	1143341	2	10
C229	PF00076	super_145	24978	120293	2	7
C230	PF00076	super_13	928242	1110371	2	14
C231	PF00076	super_126	350822	788199	4	33
C232	PF00076	super_1	4201251	4225006	2	1
C233	PF00076	super_0	1578760	1821345	2	18
C234	PF00078	super_27	711170	772476	2	3
C235	PF00078	super_278	16505	46936	2	0
C236	PF00078	super_29	960670	1107818	2	13
C237	PF00078	super_304	77750	190689	3	3
C238	PF00078	super_319	1149	63078	2	1
C239	PF00078	super_337	17453	61815	3	2
C240	PF00078	super_50	1294774	1579908	3	11
C241	PF00078	super_8	3010768	3101673	2	2
C242	PF00078	super_62	906669	1186973	2	22
C243	PF00078	super_8	1942322	1957574	2	0
C244	PF00078	super_227	267397	341916	2	6
C245	PF00078	super_9	1328056	1338860	2	0
C246	PF00078	super_93	330146	486782	2	12
C247	PF00078	super_98	180363	437048	2	19
C248	PF00078	super_57	1619584	1685388	2	5
C249	PF00078	super_22	365928	839540	3	37
C250	PF00078	super_5	82169	255293	3	9
C251	PF00078	super_19	2810796	2822574	2	0
C252	PF00078	super_1	6710180	6719692	2	0
C253	PF00078	super_10	2495182	2507305	3	0
C254	PF00078	super_122	10235	271387	2	5
C255	PF00078	super_131	761458	812157	2	2
C256	PF00078	super_132	298139	409640	2	5
C257	PF00078	super_14	1858794	2078743	2	13
C258	PF00078	super_143	222173	317734	2	5
C259	PF00078	super_140	201535	235725	2	3
C260	PF00078	super_15	843855	884885	2	4
C261	PF00078	super_155	9242	36257	2	0
C262	PF00078	super_16	1308982	1426883	2	8
C263	PF00078	super_160	357055	369309	2	0
C264	PF00078	super_186	152201	495239	4	5
C265	PF00078	super_188	224231	279927	2	3
C266	PF00078	super_192	43112	199731	2	9
C267	PF00081	super_12	3775365	3813768	2	1
C268	PF00082	super_4	5421264	5435821	2	0
C269	PF00085	super_233	19341	158918	2	10
C270	PF00085	super_3	2963017	3150877	2	17
C271	PF00085	super_15	1701057	1922999	2	17
C272	PF00085	super_113	886623	1077950	2	9
C273	PF00085	super_126	298395	374769	2	6
C274	PF00091	super_0	1641091	1664174	3	0
C275	PF00091	super_161	152943	165878	2	0
C276	PF00091	super_35	1459105	1487079	3	0
C277	PF00097	super_307	173283	180197	2	0
C278	PF00098	super_25	2554490	2762935	2	12
C279	PF00098	super_282	39418	86386	3	3
C280	PF00098	super_3	2622637	2639584	2	1
C281	PF00098	super_3	3661461	3748750	2	4
C282	PF00098	super_34	2472832	2508611	3	1
C283	PF00098	super_386	87227	94679	2	0
C284	PF00098	super_62	906669	1183490	2	21
C285	PF00098	super_61	1801678	1809815	2	0
C286	PF00098	super_65	1061497	1358896	2	26
C287	PF00098	super_73	1045489	1055416	2	0
C288	PF00098	super_8	3627402	3772638	2	12
C289	PF00098	super_25	10765	31068	2	2
C290	PF00098	super_391	531	12922	2	0
C291	PF00098	super_241	101778	177994	4	3
C292	PF00098	super_118	878116	898960	2	1
C293	PF00098	super_205	208651	214157	2	0
C294	PF00098	super_1	6710180	6719692	2	0
C295	PF00098	super_107	113692	138752	2	2
C296	PF00098	super_23	1513701	1763443	2	19
C297	PF00098	super_119	663522	866621	3	10
C298	PF00098	super_132	403074	469842	2	2
C299	PF00098	super_13	439913	536277	2	2
C300	PF00098	super_158	346315	412773	3	3
C301	PF00098	super_175	7247	23887	2	1
C302	PF00098	super_185	1143	35899	5	1
C303	PF00098	super_188	203741	209441	2	0
C304	PF00098	super_19	2810796	2822574	2	0
C305	PF00098	super_147	453530	490469	3	1
C306	PF00106	super_2	4696018	4705294	2	0
C307	PF00106	super_591	2	15588	2	1
C308	PF00107	super_140	354068	376109	2	0
C309	PF00107	super_25	2817187	2824060	2	0
C310	PF00107	super_133	8096	105882	2	3
C311	PF00107	super_70	733645	786348	7	1
C312	PF00107	super_11	151257	168829	3	0
C313	PF00107	super_0	7023023	7058337	2	0
C314	PF00107	super_112	426770	479465	2	0
C315	PF00112	super_47	345444	433039	2	9
C316	PF00118	super_156	355560	431009	2	9
C317	PF00119	super_9	4517531	4539556	2	3
C318	PF00120	super_16	410972	429027	2	0
C319	PF00120	super_239	265269	283068	2	0
C320	PF00122	super_59	608960	870007	2	21
C321	PF00122	super_74	973999	1021040	2	0
C322	PF00125	super_297	81659	85353	2	0
C323	PF00134	super_156	629591	641178	2	2
C324	PF00139	super_311	5447	80828	2	6
C325	PF00139	super_210	193503	493758	9	1
C326	PF00139	super_126	887529	956722	3	5
C327	PF00139	super_181	374849	460251	4	5
C328	PF00140	super_150	218601	520753	2	16
C329	PF00141	super_2	690838	720417	3	1
C330	PF00141	super_7	1054291	1058442	2	0
C331	PF00141	super_68	968211	991802	2	0
C332	PF00141	super_4	633397	660571	2	0
C333	PF00141	super_3	4457878	4461502	2	0
C334	PF00141	super_277	31328	57729	2	1
C335	PF00141	super_75	760087	888936	3	7
C336	PF00141	super_19	1876086	1932250	2	0
C337	PF00141	super_2	2710827	2803728	3	2
C338	PF00141	super_154	654917	691116	6	0
C339	PF00141	super_0	2894229	2910611	2	0
C340	PF00141	super_11	1435180	1478411	2	1
C341	PF00141	super_11	2119662	2171026	2	0
C342	PF00141	super_157	550617	573475	2	0
C343	PF00141	super_132	678691	775108	5	3
C344	PF00141	super_140	206123	285474	3	5
C345	PF00141	super_116	813530	865460	2	2
C346	PF00149	super_142	294443	496621	2	12
C347	PF00149	super_3	255385	425305	2	18
C348	PF00149	super_4	5087472	5299650	2	21
C349	PF00149	super_46	82439	101146	2	0
C350	PF00153	super_96	1010355	1033933	2	2
C351	PF00153	super_7	3550381	3557877	2	0
C352	PF00153	super_46	376090	396559	2	1
C353	PF00153	super_43	1795595	1822007	2	1
C354	PF00153	super_3	819646	940720	2	6
C355	PF00153	super_228	300779	350051	2	3
C356	PF00153	super_215	298121	384607	2	6
C357	PF00153	super_213	180759	406499	2	15
C358	PF00153	super_26	2439129	2632341	2	13
C359	PF00153	super_190	438498	453554	2	2
C360	PF00160	super_0	3546048	3570812	2	0
C361	PF00163	super_102	630127	702828	2	9
C362	PF00164	super_16	2860375	2866037	2	0
C363	PF00168	super_67	992184	1319172	2	19
C364	PF00168	super_38	47313	236747	2	6
C365	PF00168	super_102	822603	876183	2	5
C366	PF00168	super_16	1844012	1992519	2	10
C367	PF00169	super_26	2265967	2579162	2	24
C368	PF00170	super_59	662022	688597	2	3
C369	PF00171	super_232	68421	96515	2	0
C370	PF00179	super_0	7550805	7632261	2	6
C371	PF00179	super_10	326854	419144	2	6
C372	PF00179	super_14	2810898	3016505	3	14
C373	PF00179	super_198	84377	366873	2	21
C374	PF00179	super_43	1912197	2134815	2	8
C375	PF00179	super_553	20791	22269	2	0
C376	PF00179	super_6	684330	706954	2	0
C377	PF00179	super_69	868134	1164878	2	13
C378	PF00179	super_9	3719258	3726896	2	0
C379	PF00182	super_74	1409884	1455306	2	1
C380	PF00182	super_68	831950	1025106	2	14
C381	PF00187	super_20	2859465	2947037	4	3
C382	PF00187	super_74	1409884	1455306	2	1
C383	PF00190	super_109	361615	391018	2	1
C384	PF00190	super_112	782247	790365	2	0
C385	PF00190	super_176	571957	611703	2	5
C386	PF00190	super_19	1314697	1364695	5	2
C387	PF00190	super_196	451536	458851	2	0
C388	PF00190	super_500	1326	21057	2	0
C389	PF00195	super_31	1592519	1632270	2	0
C390	PF00195	super_51	500975	534546	2	1
C391	PF00195	super_57	809967	854667	2	2
C392	PF00201	super_19	447029	478700	4	1
C393	PF00201	super_16	3630306	3672864	3	0
C394	PF00201	super_168	352065	376737	2	0
C395	PF00201	super_101	816654	918556	3	4
C396	PF00201	super_112	541471	561754	2	0
C397	PF00221	super_15	1755908	1795908	2	2
C398	PF00224	super_73	726217	794085	2	2
C399	PF00225	super_2	12814	115621	2	5
C400	PF00225	super_3	650082	924414	2	19
C401	PF00225	super_99	708788	741676	2	2
C402	PF00226	super_97	1006791	1028546	2	0
C403	PF00226	super_66	684062	931954	2	18
C404	PF00226	super_47	1194516	1598465	3	31
C405	PF00226	super_24	1077062	1111727	3	1
C406	PF00226	super_63	408831	494433	2	6
C407	PF00226	super_19	3203127	3264173	2	3
C408	PF00226	super_131	387406	656364	2	15
C409	PF00226	super_118	35981	96901	2	5
C410	PF00226	super_20	3037552	3177733	2	6
C411	PF00226	super_6	2851661	2860884	2	0
C412	PF00227	super_13	3586926	3599925	2	0
C413	PF00227	super_169	506564	509574	2	1
C414	PF00227	super_71	1011141	1126228	2	8
C415	PF00230	super_261	246023	262170	2	0
C416	PF00230	super_7	1501293	1738563	2	17
C417	PF00238	super_48	1627732	1769388	2	8
C418	PF00240	super_0	2553233	2562280	2	1
C419	PF00240	super_0	9291823	9308792	2	0
C420	PF00244	super_53	274015	361301	3	3
C421	PF00244	super_19	2218954	2292228	2	3
C422	PF00248	super_87	445444	461930	2	0
C423	PF00248	super_55	1005920	1054942	3	1
C424	PF00248	super_163	10368	42493	2	2
C425	PF00248	super_206	9502	167912	13	15
C426	PF00249	super_88	1288531	1350611	2	6
C427	PF00249	super_78	880642	946957	2	2
C428	PF00249	super_67	317223	418499	2	8
C429	PF00249	super_6	3956856	3982149	2	1
C430	PF00249	super_4	3488738	3519649	2	0
C431	PF00249	super_2	2495450	2635134	3	8
C432	PF00249	super_9	3256429	3356214	2	3
C433	PF00249	super_167	29239	93732	2	3
C434	PF00249	super_143	412634	556493	2	8
C435	PF00249	super_140	536327	564569	2	0
C436	PF00249	super_119	520657	726485	2	15
C437	PF00249	super_1	3740217	3804964	2	4
C438	PF00249	super_173	291588	316892	2	1
C439	PF00251	super_31	634086	685066	3	0
C440	PF00251	super_67	450978	489923	2	0
C441	PF00251	super_73	162406	270065	3	2
C442	PF00264	super_48	1803331	1837922	2	2
C443	PF00270	super_70	801224	1100568	2	15
C444	PF00270	super_22	1717090	1728804	2	0
C445	PF00270	super_20	569541	705714	2	12
C446	PF00270	super_102	783811	1066243	2	21
C447	PF00270	super_13	2344492	2356348	2	0
C448	PF00270	super_16	123746	165308	2	0
C449	PF00271	super_225	197395	388095	2	14
C450	PF00271	super_78	862909	1152691	2	17
C451	PF00271	super_70	801224	1100568	2	15
C452	PF00271	super_28	1357562	1537700	2	14
C453	PF00271	super_22	1717090	1728804	2	0
C454	PF00271	super_13	2344492	2356348	2	0
C455	PF00271	super_180	194362	291623	2	2
C456	PF00271	super_102	783811	1066243	2	21
C457	PF00271	super_13	906320	1008402	2	9
C458	PF00271	super_20	569541	705714	2	12
C459	PF00271	super_16	123746	165308	2	0
C460	PF00274	super_125	597592	626039	2	3
C461	PF00291	super_287	133576	251967	3	3
C462	PF00291	super_7	2660266	2668968	2	0
C463	PF00294	super_13	2603683	2748701	2	9
C464	PF00305	super_216	305098	322940	2	1
C465	PF00305	super_81	495065	542649	2	1
C466	PF00313	super_25	10765	31068	2	2
C467	PF00314	super_140	117686	168840	2	0
C468	PF00314	super_188	96249	118908	2	0
C469	PF00314	super_261	4555	54368	2	2
C470	PF00314	super_431	3141	51410	2	1
C471	PF00319	super_96	639787	711731	2	4
C472	PF00332	super_172	330526	376765	3	0
C473	PF00350	super_11	1677961	1710014	2	2
C474	PF00350	super_242	285398	308857	2	0
C475	PF00350	super_90	1261557	1284994	2	1
C476	PF00355	super_281	167595	244943	3	6
C477	PF00361	super_206	13502	118624	3	10
C478	PF00361	super_359	72381	77085	2	0
C479	PF00385	super_9	1335960	1478145	2	1
C480	PF00385	super_66	1171409	1318230	2	2
C481	PF00385	super_57	1619584	1685388	2	5
C482	PF00385	super_50	1294774	1579908	3	11
C483	PF00385	super_5	82169	255293	3	9
C484	PF00385	super_369	12614	66106	2	3
C485	PF00385	super_10	2499581	2507305	2	0
C486	PF00385	super_24	1329137	1344548	2	0
C487	PF00385	super_158	399022	456083	2	2
C488	PF00385	super_15	843855	884885	2	4
C489	PF00385	super_140	231406	323183	2	5
C490	PF00385	super_337	27380	129591	3	4
C491	PF00400	super_4	5105093	5185244	2	7
C492	PF00400	super_80	1214802	1314189	2	6
C493	PF00400	super_7	1625105	1906048	2	14
C494	PF00400	super_6	4378902	4558140	2	7
C495	PF00400	super_6	3525200	3854823	3	23
C496	PF00400	super_6	2591418	2897098	2	23
C497	PF00400	super_56	1483633	1497429	2	0
C498	PF00400	super_54	457644	561677	2	7
C499	PF00400	super_51	774546	812900	2	3
C500	PF00400	super_4	1842876	1897028	2	6
C501	PF00400	super_97	232738	381022	2	13
C502	PF00400	super_28	1247243	1396796	2	16
C503	PF00400	super_377	21378	66798	2	3
C504	PF00400	super_0	8157936	8177081	2	2
C505	PF00400	super_121	598734	703964	2	11
C506	PF00400	super_124	382220	393491	2	0
C507	PF00400	super_0	10355648	10588179	3	19
C508	PF00400	super_181	1913	101303	3	9
C509	PF00400	super_182	97850	283494	2	5
C510	PF00400	super_2	2651588	3290123	4	40
C511	PF00400	super_28	214258	377440	2	10
C512	PF00400	super_125	93883	396788	2	18
C513	PF00403	super_6	5115257	5192402	3	0
C514	PF00403	super_9	1765185	1780328	2	0
C515	PF00403	super_8	3030748	3141516	4	1
C516	PF00403	super_7	4598361	4769403	4	8
C517	PF00403	super_60	1460193	1475923	2	0
C518	PF00403	super_6	2248098	2421540	2	13
C519	PF00403	super_251	162336	217400	3	3
C520	PF00403	super_31	2061280	2153928	4	0
C521	PF00403	super_218	238199	249103	2	1
C522	PF00403	super_15	1035824	1292574	2	16
C523	PF00403	super_119	392651	399332	2	0
C524	PF00403	super_10	3610097	4219300	11	18
C525	PF00403	super_44	1410892	1656012	2	21
C526	PF00407	super_671	4	8161	2	0
C527	PF00407	super_10	937572	1090088	6	8
C528	PF00407	super_3	4388	17304	2	0
C529	PF00407	super_3	709930	772468	4	0
C530	PF00407	super_327	20716	30553	2	0
C531	PF00407	super_34	1187880	1193940	2	0
C532	PF00412	super_68	1056314	1314835	2	17
C533	PF00450	super_7	289437	319628	2	0
C534	PF00462	super_122	365554	413779	3	0
C535	PF00462	super_52	807740	859792	2	0
C536	PF00462	super_93	507751	550563	2	0
C537	PF00464	super_3	2398497	2416087	2	1
C538	PF00466	super_96	459580	589139	2	5
C539	PF00467	super_85	213095	307421	2	6
C540	PF00481	super_322	143231	160656	2	0
C541	PF00481	super_67	1737	80051	6	3
C542	PF00487	super_27	163882	182557	2	0
C543	PF00498	super_26	440239	697944	2	17
C544	PF00501	super_179	469266	561612	2	6
C545	PF00501	super_20	646099	730020	2	9
C546	PF00501	super_78	207910	231694	2	0
C547	PF00504	super_83	774359	788799	2	0
C548	PF00504	super_64	296556	301498	2	0
C549	PF00504	super_294	197564	207753	2	0
C550	PF00504	super_38	1440101	1449374	2	0
C551	PF00505	super_231	65074	75126	2	1
C552	PF00505	super_55	1308433	1332680	2	0
C553	PF00507	super_9	4557047	4561220	2	0
C554	PF00514	super_152	335739	538190	2	16
C555	PF00514	super_26	2188550	2239722	3	1
C556	PF00514	super_3	673662	888396	2	16
C557	PF00515	super_46	82439	101146	2	0
C558	PF00515	super_77	1347309	1395005	2	1
C559	PF00533	super_150	231261	276175	2	2
C560	PF00534	super_9	281827	368568	2	6
C561	PF00538	super_11	1584235	1675145	2	2
C562	PF00538	super_167	488328	536215	4	0
C563	PF00538	super_192	370505	394405	3	0
C564	PF00544	super_5	3348131	3369476	2	0
C565	PF00550	super_10	1220541	1227141	2	2
C566	PF00557	super_240	254989	289726	2	2
C567	PF00560	super_11	2340319	2371552	2	0
C568	PF00560	super_91	467446	667070	2	19
C569	PF00560	super_83	1136125	1281451	2	10
C570	PF00560	super_43	327813	366442	2	5
C571	PF00560	super_40	2287280	2376819	2	4
C572	PF00560	super_293	183651	206706	2	0
C573	PF00560	super_283	15240	39031	2	0
C574	PF00560	super_148	681452	732067	2	4
C575	PF00560	super_2	3825333	4125858	2	14
C576	PF00560	super_19	2753086	2875360	2	10
C577	PF00560	super_189	137108	149792	2	0
C578	PF00560	super_17	867641	1301504	5	17
C579	PF00560	super_245	32399	168178	2	9
C580	PF00561	super_147	232469	325457	2	5
C581	PF00561	super_42	712686	783050	2	3
C582	PF00565	super_115	945460	962139	2	0
C583	PF00571	super_156	416929	451438	2	3
C584	PF00571	super_38	1720833	1880835	2	7
C585	PF00574	super_136	737680	801268	2	3
C586	PF00575	super_180	194362	291623	2	2
C587	PF00578	super_118	68958	129040	2	4
C588	PF00583	super_56	303032	313220	2	0
C589	PF00588	super_416	21	72316	2	1
C590	PF00622	super_32	836203	912549	2	1
C591	PF00628	super_122	601542	706638	2	7
C592	PF00628	super_134	501860	584409	2	4
C593	PF00628	super_137	266067	568185	2	24
C594	PF00628	super_33	2000677	2272181	2	23
C595	PF00632	super_2	3173626	3458817	2	18
C596	PF00638	super_5	3910127	3979432	2	2
C597	PF00641	super_28	1336153	1345364	2	2
C598	PF00642	super_145	24978	152293	2	12
C599	PF00642	super_18	208451	491093	2	30
C600	PF00642	super_2	754	297579	2	20
C601	PF00642	super_64	308538	459138	2	15
C602	PF00646	super_13	2950664	3102113	2	9
C603	PF00646	super_11	3191393	3584560	3	29
C604	PF00646	super_114	163781	298869	2	6
C605	PF00650	super_89	875949	1002299	2	9
C606	PF00651	super_1	470925	666730	3	17
C607	PF00651	super_94	503182	711216	2	12
C608	PF00657	super_83	195882	267537	4	2
C609	PF00657	super_221	384182	392488	2	0
C610	PF00657	super_5	3419568	3477506	3	3
C611	PF00657	super_7	3080573	3089290	2	1
C612	PF00657	super_72	1166278	1431057	2	15
C613	PF00664	super_9	4109099	4220187	2	8
C614	PF00665	super_319	1149	63078	2	1
C615	PF00665	super_302	211037	217845	2	0
C616	PF00665	super_282	8497	86386	4	4
C617	PF00665	super_3	3627943	3665478	4	0
C618	PF00665	super_34	2472832	2493516	3	0
C619	PF00665	super_73	1045489	1055416	2	0
C620	PF00665	super_345	21063	127203	2	8
C621	PF00665	super_567	3185	18812	2	1
C622	PF00665	super_463	40943	50233	2	0
C623	PF00665	super_49	1401522	1706481	2	22
C624	PF00665	super_5	82169	255293	3	9
C625	PF00665	super_50	1294774	1529232	2	10
C626	PF00665	super_58	1376242	1467271	2	4
C627	PF00665	super_61	1797887	1809815	3	0
C628	PF00665	super_391	531	28510	2	1
C629	PF00665	super_276	158	278411	2	12
C630	PF00665	super_188	197305	339289	3	8
C631	PF00665	super_23	1513701	1763443	2	19
C632	PF00665	super_241	95809	144510	5	0
C633	PF00665	super_1	5452786	5483933	3	2
C634	PF00665	super_1	6710180	6719692	2	0
C635	PF00665	super_10	2499581	2509691	2	1
C636	PF00665	super_107	121730	351175	3	8
C637	PF00665	super_114	822564	1011753	5	5
C638	PF00665	super_118	878116	928325	3	2
C639	PF00665	super_139	749355	825022	2	3
C640	PF00665	super_13	436863	556268	2	6
C641	PF00665	super_122	13275	271387	2	4
C642	PF00665	super_143	225798	317734	2	4
C643	PF00665	super_147	453530	486918	2	1
C644	PF00665	super_160	357055	369309	2	0
C645	PF00665	super_21	734854	746341	2	0
C646	PF00665	super_22	365928	839540	3	37
C647	PF00684	super_24	1077062	1111727	3	1
C648	PF00684	super_97	1006791	1028546	2	0
C649	PF00689	super_74	973999	1021040	2	0
C650	PF00690	super_74	973999	1021040	2	0
C651	PF00692	super_42	557670	678617	2	14
C652	PF00702	super_74	973999	1021040	2	0
C653	PF00704	super_97	1166240	1180758	2	0
C654	PF00704	super_134	871621	878382	2	0
C655	PF00722	super_251	28627	88580	2	1
C656	PF00722	super_105	569153	725660	3	7
C657	PF00722	super_158	644259	659537	2	0
C658	PF00722	super_21	86790	185540	4	2
C659	PF00722	super_22	1470631	1579058	2	0
C660	PF00722	super_7	2907628	2918535	2	0
C661	PF00722	super_92	414770	442940	2	0
C662	PF00724	super_2	5488749	5524796	2	2
C663	PF00724	super_22	1741896	1796240	3	4
C664	PF00724	super_3	4706735	4736999	2	0
C665	PF00724	super_611	3	12942	2	0
C666	PF00732	super_64	557602	571089	2	0
C667	PF00733	super_185	336108	373490	2	0
C668	PF00782	super_2	3430184	3697418	2	17
C669	PF00790	super_271	18156	185522	2	13
C670	PF00795	super_20	3185170	3223952	2	1
C671	PF00808	super_164	607761	636149	2	0
C672	PF00808	super_90	162067	373374	2	14
C673	PF00847	super_75	1068122	1250692	2	12
C674	PF00847	super_61	510144	516520	2	0
C675	PF00847	super_5	2265043	2449259	2	8
C676	PF00847	super_43	1754900	1838134	2	7
C677	PF00847	super_28	668219	881100	2	17
C678	PF00847	super_79	1169867	1228987	3	0
C679	PF00847	super_24	1820777	1947168	3	1
C680	PF00847	super_23	2281469	2289129	2	0
C681	PF00847	super_21	1689914	1733434	2	3
C682	PF00847	super_20	206550	429756	3	17
C683	PF00847	super_180	189453	300777	2	4
C684	PF00847	super_100	248954	530994	2	21
C685	PF00847	super_24	2473190	2621820	2	10
C686	PF00856	super_99	46405	272150	2	6
C687	PF00860	super_13	1385623	1478067	2	3
C688	PF00891	super_93	223959	249927	2	0
C689	PF00891	super_52	1271603	1334902	4	4
C690	PF00891	super_52	145188	450416	3	22
C691	PF00891	super_354	65095	105810	2	2
C692	PF00892	super_125	407850	772843	4	32
C693	PF00892	super_267	78462	113501	2	0
C694	PF00900	super_85	213095	307421	2	6
C695	PF00909	super_88	681406	703780	2	0
C696	PF00909	super_96	1130986	1148564	2	0
C697	PF00924	super_88	491898	802295	2	20
C698	PF00926	super_91	412068	486726	2	2
C699	PF00929	super_9	1652385	1686592	2	2
C700	PF00931	super_98	287771	330631	2	0
C701	PF00931	super_341	7528	51601	2	4
C702	PF00931	super_35	1504921	1594341	2	3
C703	PF00931	super_351	17690	24679	3	1
C704	PF00931	super_37	1956685	2187504	2	23
C705	PF00931	super_39	2060381	2096052	2	3
C706	PF00931	super_4	3577411	3638372	2	0
C707	PF00931	super_417	45031	76604	2	1
C708	PF00931	super_32	2063807	2088871	2	0
C709	PF00931	super_418	18735	76677	3	3
C710	PF00931	super_5	1476369	1545939	2	6
C711	PF00931	super_549	3013	17085	2	0
C712	PF00931	super_56	698834	945087	2	10
C713	PF00931	super_60	900112	1210594	2	19
C714	PF00931	super_74	1366921	1388030	2	1
C715	PF00931	super_79	22285	103811	2	6
C716	PF00931	super_92	254500	511258	2	12
C717	PF00931	super_5	8276	25892	2	0
C718	PF00931	super_300	6691	129843	2	4
C719	PF00931	super_91	469505	848769	4	32
C720	PF00931	super_280	182549	249404	2	3
C721	PF00931	super_11	3148120	3162716	2	0
C722	PF00931	super_293	183651	206706	2	0
C723	PF00931	super_136	16168	87330	3	2
C724	PF00931	super_15	1628106	1938419	3	23
C725	PF00931	super_152	27332	104240	4	5
C726	PF00931	super_168	497024	538711	3	0
C727	PF00931	super_17	867641	1301504	4	18
C728	PF00931	super_180	9965	20687	2	0
C729	PF00931	super_12	3788203	3877019	2	3
C730	PF00931	super_194	262627	280926	2	1
C731	PF00931	super_198	486913	510326	2	1
C732	PF00931	super_21	2274769	2334316	2	2
C733	PF00931	super_23	469946	485661	2	0
C734	PF00931	super_230	22931	60272	2	0
C735	PF00931	super_25	2601834	2788364	4	10
C736	PF00931	super_264	148	140827	4	9
C737	PF00931	super_19	405439	582068	2	13
C738	PF00931	super_265	54639	169949	2	11
C739	PF00933	super_48	157569	170440	2	0
C740	PF00954	super_27	1626613	1685254	2	0
C741	PF00954	super_7	3166073	3208684	2	1
C742	PF00957	super_137	316150	324046	2	0
C743	PF00984	super_172	246830	265482	2	0
C744	PF01018	super_131	380576	610946	2	9
C745	PF01031	super_11	1677961	1710014	2	2
C746	PF01031	super_167	277558	381857	2	6
C747	PF01031	super_242	285398	308857	2	0
C748	PF01031	super_90	1261557	1284994	2	1
C749	PF01061	super_34	1908560	2287699	3	24
C750	PF01061	super_4	800191	826668	2	0
C751	PF01061	super_4	1162473	1189637	2	0
C752	PF01061	super_40	401531	427795	2	0
C753	PF01061	super_41	583749	638504	3	0
C754	PF01061	super_58	574236	710862	2	7
C755	PF01070	super_177	487227	499338	2	0
C756	PF01073	super_120	260543	298295	2	1
C757	PF01095	super_64	924587	964776	2	1
C758	PF01095	super_7	517436	606334	2	1
C759	PF01103	super_125	826743	874349	2	0
C760	PF01112	super_119	809668	833199	2	0
C761	PF01112	super_18	1467350	1472582	2	0
C762	PF01157	super_102	633720	718990	2	10
C763	PF01161	super_236	1253	222267	2	10
C764	PF01161	super_43	822798	862556	2	0
C765	PF01168	super_152	221312	242973	2	2
C766	PF01184	super_87	81153	157406	3	1
C767	PF01198	super_152	185111	199842	2	3
C768	PF01208	super_1	6598542	6623446	2	1
C769	PF01233	super_88	276360	280735	2	0
C770	PF01248	super_29	1978758	2236211	3	18
C771	PF01255	super_4	5318640	5337423	2	0
C772	PF01329	super_64	1641483	1645106	2	1
C773	PF01336	super_30	1277929	1607206	3	16
C774	PF01344	super_14	3658031	3684603	2	0
C775	PF01344	super_106	86288	100530	2	0
C776	PF01344	super_13	70483	253814	2	16
C777	PF01357	super_0	7934470	8077144	3	4
C778	PF01357	super_288	103711	145165	3	1
C779	PF01357	super_5	4164155	4194240	2	0
C780	PF01357	super_86	1246891	1326837	4	0
C781	PF01370	super_64	638146	646269	2	0
C782	PF01370	super_12	835381	894495	2	2
C783	PF01370	super_130	172720	201812	2	2
C784	PF01370	super_38	332799	431184	6	5
C785	PF01370	super_69	130817	225768	2	4
C786	PF01388	super_231	65074	75126	2	1
C787	PF01388	super_55	1308433	1332680	2	0
C788	PF01397	super_136	830109	868275	2	1
C789	PF01406	super_216	13620	74269	2	2
C790	PF01419	super_42	1996586	2040590	2	0
C791	PF01419	super_450	4495	17587	2	0
C792	PF01419	super_382	35817	49500	2	0
C793	PF01419	super_105	1062069	1132588	3	3
C794	PF01419	super_144	2215	60982	3	3
C795	PF01419	super_376	62490	89255	2	1
C796	PF01423	super_126	898905	930625	2	2
C797	PF01423	super_181	366850	445148	5	4
C798	PF01423	super_20	1546812	1552424	2	0
C799	PF01426	super_105	1049963	1086967	3	1
C800	PF01426	super_144	17356	74956	3	3
C801	PF01426	super_382	589	96883	2	9
C802	PF01453	super_7	3166073	3208684	2	1
C803	PF01453	super_483	8370	12807	2	0
C804	PF01453	super_340	45113	143211	3	3
C805	PF01453	super_27	1626613	1685254	2	0
C806	PF01453	super_223	8757	128626	5	3
C807	PF01453	super_207	196146	238219	2	1
C808	PF01453	super_128	829609	914571	2	4
C809	PF01453	super_12	2454202	2680100	5	5
C810	PF01459	super_139	89461	275627	2	13
C811	PF01466	super_96	141183	157425	2	0
C812	PF01476	super_159	13519	50036	2	0
C813	PF01477	super_81	495065	542649	2	1
C814	PF01479	super_102	630127	702828	2	9
C815	PF01490	super_65	304103	388493	2	5
C816	PF01490	super_395	21518	49254	2	0
C817	PF01490	super_7	511110	571679	2	1
C818	PF01490	super_193	382624	427462	2	0
C819	PF01490	super_362	81118	118530	4	0
C820	PF01494	super_143	99465	213170	3	6
C821	PF01494	super_24	1429901	1477160	4	0
C822	PF01494	super_31	920362	934390	2	0
C823	PF01496	super_207	73662	188645	2	7
C824	PF01501	super_166	373192	468429	2	5
C825	PF01529	super_18	2743430	3046287	3	16
C826	PF01535	super_97	142470	203062	2	5
C827	PF01535	super_29	2043698	2521284	3	33
C828	PF01535	super_30	1448233	1764657	3	17
C829	PF01535	super_36	308563	345212	2	2
C830	PF01535	super_411	13	62163	4	0
C831	PF01535	super_43	1274166	1303784	2	2
C832	PF01535	super_5	5219145	5256055	2	3
C833	PF01535	super_55	547232	565666	2	2
C834	PF01535	super_71	652275	793867	3	4
C835	PF01535	super_59	106719	119171	2	2
C836	PF01535	super_7	3122917	3345519	2	14
C837	PF01535	super_8	3457932	3621835	2	10
C838	PF01535	super_8	4207691	4499875	4	16
C839	PF01535	super_85	11949	248011	2	16
C840	PF01535	super_9	4194423	4483126	2	26
C841	PF01535	super_90	1225887	1277421	2	2
C842	PF01535	super_27	2337355	2704522	3	30
C843	PF01535	super_55	1596829	1635349	3	1
C844	PF01535	super_26	2306136	2307910	2	0
C845	PF01535	super_29	453504	556496	2	11
C846	PF01535	super_242	271379	281493	2	0
C847	PF01535	super_25	2596993	2779557	3	11
C848	PF01535	super_0	4621532	4742146	3	6
C849	PF01535	super_0	8217895	8403729	3	10
C850	PF01535	super_1	2253883	2549337	2	14
C851	PF01535	super_1	6330852	6605213	2	16
C852	PF01535	super_108	288458	418727	2	6
C853	PF01535	super_12	3178008	3308957	2	9
C854	PF01535	super_13	1712292	1922259	2	11
C855	PF01535	super_106	920877	968235	2	4
C856	PF01535	super_15	276634	582079	3	24
C857	PF01535	super_141	534566	570474	2	2
C858	PF01535	super_24	1280350	1402733	2	6
C859	PF01535	super_238	105033	354624	2	28
C860	PF01535	super_21	773810	1021038	3	15
C861	PF01535	super_24	2651389	2941522	3	27
C862	PF01535	super_189	254152	537541	3	15
C863	PF01535	super_170	549859	619616	2	6
C864	PF01535	super_19	2676731	2869209	3	14
C865	PF01536	super_111	261874	287806	2	2
C866	PF01541	super_0	9257280	9284635	2	1
C867	PF01545	super_279	71261	80649	2	0
C868	PF01554	super_24	1992307	2017874	2	0
C869	PF01556	super_97	1006791	1028546	2	0
C870	PF01556	super_19	3203127	3264173	2	3
C871	PF01556	super_24	1077062	1111727	3	1
C872	PF01565	super_63	381472	390713	2	0
C873	PF01578	super_234	16316	19192	2	0
C874	PF01582	super_265	31814	229005	5	13
C875	PF01582	super_3	4934979	5200572	3	20
C876	PF01582	super_48	1029729	1209792	4	9
C877	PF01582	super_56	698834	945087	2	10
C878	PF01582	super_74	1368230	1388030	2	0
C879	PF01585	super_85	613232	653808	2	2
C880	PF01593	super_0	7360429	7422527	2	0
C881	PF01593	super_170	272890	299601	2	0
C882	PF01643	super_65	1639602	1662276	2	0
C883	PF01676	super_137	311090	335995	2	2
C884	PF01680	super_305	72149	74800	2	0
C885	PF01698	super_70	1241953	1247492	2	0
C886	PF01704	super_30	1237258	1247200	2	1
C887	PF01713	super_24	2622804	2907865	2	25
C888	PF01734	super_110	283317	504506	5	6
C889	PF01734	super_121	840066	945688	2	3
C890	PF01734	super_96	625604	672805	2	3
C891	PF01738	super_141	60011	100470	4	0
C892	PF01762	super_57	1469027	1534159	2	8
C893	PF01764	super_17	143392	389574	2	20
C894	PF01764	super_213	143275	202487	2	4
C895	PF01780	super_16	2241357	2245563	2	0
C896	PF01789	super_62	641081	837058	2	12
C897	PF01852	super_8	4427856	4463122	2	1
C898	PF01915	super_48	157569	170440	2	0
C899	PF01926	super_40	522672	764285	3	20
C900	PF01926	super_24	1323167	1395989	2	4
C901	PF01926	super_131	380576	610946	2	9
C902	PF01926	super_39	731499	743546	2	0
C903	PF01926	super_106	440612	687399	2	21
C904	PF01926	super_0	9078770	9158695	2	1
C905	PF01926	super_13	887363	1190651	2	23
C906	PF02115	super_131	7532	16346	2	0
C907	PF02115	super_29	1944118	1959853	2	0
C908	PF02133	super_4	5271531	5506811	2	22
C909	PF02136	super_21	2712639	2722339	2	0
C910	PF02182	super_6	5222851	5431698	2	19
C911	PF02183	super_0	10187526	10285464	2	1
C912	PF02183	super_1	1192522	1416136	2	5
C913	PF02183	super_219	159810	196011	2	0
C914	PF02183	super_23	690303	803271	2	2
C915	PF02183	super_71	1457656	1498320	2	1
C916	PF02190	super_17	1425333	1672379	2	13
C917	PF02207	super_138	743927	852956	2	5
C918	PF02207	super_21	280486	438663	2	2
C919	PF02212	super_90	1261557	1284994	2	1
C920	PF02212	super_242	285398	308857	2	0
C921	PF02212	super_11	1677961	1710014	2	2
C922	PF02212	super_167	277558	381857	2	6
C923	PF02225	super_235	147436	282922	2	8
C924	PF02338	super_234	76078	151219	2	4
C925	PF02362	super_105	595092	685799	2	2
C926	PF02362	super_265	10337	109597	3	9
C927	PF02362	super_3	2842253	3118745	2	20
C928	PF02365	super_17	3126058	3388239	2	12
C929	PF02450	super_105	64977	226097	2	8
C930	PF02458	super_3	2182487	2194623	2	0
C931	PF02466	super_0	4609570	4713348	2	4
C932	PF02469	super_36	118389	134373	2	0
C933	PF02469	super_65	631878	645246	2	0
C934	PF02469	super_27	2101064	2333954	2	8
C935	PF02485	super_173	228412	236940	2	0
C936	PF02485	super_7	1527738	1577870	2	3
C937	PF02496	super_119	185727	423661	9	14
C938	PF02496	super_15	646404	762460	7	9
C939	PF02496	super_21	31380	48087	2	0
C940	PF02496	super_227	8338	25769	2	0
C941	PF02496	super_89	655484	670432	2	0
C942	PF02507	super_6	555356	575334	2	1
C943	PF02517	super_26	2143218	2374379	2	18
C944	PF02518	super_10	1335228	1451586	2	12
C945	PF02518	super_44	1165850	1282988	2	7
C946	PF02519	super_243	9274	13359	2	0
C947	PF02519	super_12	1942681	1947613	2	0
C948	PF02519	super_0	6441072	6446864	2	0
C949	PF02668	super_226	164101	180612	2	0
C950	PF02671	super_15	2866039	2944580	2	6
C951	PF02701	super_240	180957	199598	2	0
C952	PF02701	super_29	1483538	1511107	2	0
C953	PF02701	super_30	2651498	2705671	2	0
C954	PF02701	super_33	1732864	1819137	2	0
C955	PF02701	super_54	314520	336301	2	0
C956	PF02705	super_105	265907	345003	2	6
C957	PF02777	super_12	3775365	3813768	2	1
C958	PF02777	super_19	1368612	1507039	2	3
C959	PF02797	super_207	278352	340163	2	1
C960	PF02797	super_57	809967	854667	2	2
C961	PF02798	super_56	1300820	1317794	2	0
C962	PF02798	super_76	803869	810145	2	0
C963	PF02798	super_513	12799	24786	2	0
C964	PF02798	super_5	3219610	3327626	5	1
C965	PF02798	super_163	89719	100405	2	1
C966	PF02798	super_51	264816	283373	2	0
C967	PF02799	super_88	276360	280735	2	0
C968	PF02861	super_42	554936	857618	2	31
C969	PF02874	super_92	739102	749498	2	0
C970	PF02887	super_73	726217	794085	2	2
C971	PF02984	super_156	629591	641178	2	2
C972	PF02992	super_190	14210	193876	3	7
C973	PF02992	super_57	322884	516195	2	6
C974	PF02992	super_30	289436	292379	2	0
C975	PF02992	super_274	246050	281436	2	0
C976	PF02992	super_160	504504	539580	2	2
C977	PF02992	super_139	3597	7056	2	0
C978	PF02992	super_103	751339	782214	2	4
C979	PF02992	super_0	8513860	8602457	3	4
C980	PF02992	super_0	7635976	7664884	2	3
C981	PF02992	super_14	2991453	3011875	2	3
C982	PF03007	super_101	1029461	1073158	2	4
C983	PF03016	super_118	198634	229496	2	0
C984	PF03016	super_128	236176	399265	2	7
C985	PF03016	super_43	1178618	1218971	2	1
C986	PF03016	super_44	2135991	2163530	2	1
C987	PF03018	super_11	640091	675487	2	5
C988	PF03018	super_0	9060478	9351601	2	21
C989	PF03018	super_314	33845	132083	9	0
C990	PF03055	super_16	3157261	3338073	5	2
C991	PF03080	super_39	13	13005	2	0
C992	PF03083	super_5	1125091	1127827	2	0
C993	PF03105	super_181	555876	598492	2	0
C994	PF03105	super_305	153727	190488	2	0
C995	PF03105	super_96	116584	168268	2	6
C996	PF03106	super_71	418483	565311	2	1
C997	PF03110	super_1	2006361	2022359	2	0
C998	PF03110	super_46	1907367	1942386	2	0
C999	PF03110	super_70	378294	408306	2	1
C1000	PF03124	super_305	153727	190488	2	0
C1001	PF03127	super_271	18156	185522	2	13
C1002	PF03134	super_4	2743046	2790975	2	4
C1003	PF03140	super_51	643392	695220	3	2
C1004	PF03140	super_47	699613	713569	2	0
C1005	PF03140	super_136	394326	509610	4	1
C1006	PF03140	super_111	861836	997929	7	1
C1007	PF03143	super_5	233412	276419	2	1
C1008	PF03144	super_16	2939183	3148829	2	13
C1009	PF03144	super_17	1650248	1701158	2	2
C1010	PF03144	super_5	233412	276419	2	1
C1011	PF03168	super_58	170426	177619	2	0
C1012	PF03168	super_94	288601	309212	2	0
C1013	PF03169	super_278	161072	199300	2	0
C1014	PF03169	super_9	3133310	3137698	2	0
C1015	PF03171	super_57	1423355	1519955	2	10
C1016	PF03171	super_403	23986	73542	2	3
C1017	PF03171	super_75	426782	634255	2	7
C1018	PF03171	super_60	484248	533293	2	1
C1019	PF03171	super_4	4249661	4264441	2	1
C1020	PF03171	super_152	224838	245758	2	2
C1021	PF03171	super_25	751392	772573	2	1
C1022	PF03171	super_37	794762	828978	3	1
C1023	PF03171	super_127	557399	575305	2	0
C1024	PF03171	super_171	189904	245410	2	5
C1025	PF03184	super_0	527114	571504	2	3
C1026	PF03184	super_103	237970	534519	2	26
C1027	PF03184	super_40	2093215	2192415	2	6
C1028	PF03184	super_77	11136	54749	2	3
C1029	PF03188	super_166	281409	303261	2	0
C1030	PF03221	super_103	237970	534519	2	26
C1031	PF03222	super_5	1236858	1285043	2	1
C1032	PF03254	super_0	10452253	10461918	2	0
C1033	PF03254	super_132	478240	587309	4	4
C1034	PF03297	super_228	239254	270501	3	0
C1035	PF03330	super_86	1246891	1326837	4	0
C1036	PF03330	super_5	4164155	4194240	2	0
C1037	PF03330	super_288	103711	145165	3	1
C1038	PF03330	super_169	181482	193382	3	0
C1039	PF03330	super_0	7934470	8077144	3	4
C1040	PF03330	super_20	2859465	2917421	3	2
C1041	PF03358	super_65	815091	832685	2	0
C1042	PF03407	super_132	374615	508760	4	6
C1043	PF03407	super_45	67256	133841	3	1
C1044	PF03468	super_82	403902	567692	2	14
C1045	PF03469	super_82	403902	567692	2	14
C1046	PF03473	super_268	244640	273187	2	0
C1047	PF03476	super_268	244640	273187	2	0
C1048	PF03492	super_78	480240	610218	5	0
C1049	PF03492	super_39	341660	457629	2	8
C1050	PF03492	super_23	1843788	1863124	2	0
C1051	PF03514	super_1	4735075	4850566	2	1
C1052	PF03514	super_1	6218701	6277701	2	3
C1053	PF03514	super_41	2072362	2109566	2	0
C1054	PF03514	super_67	1084985	1193439	2	6
C1055	PF03600	super_82	1173289	1180781	2	0
C1056	PF03652	super_65	221146	236873	2	1
C1057	PF03720	super_172	246830	265482	2	0
C1058	PF03721	super_172	246830	265482	2	0
C1059	PF03732	super_1	6710180	6719692	2	0
C1060	PF03732	super_158	399022	412773	2	0
C1061	PF03781	super_31	207017	766414	5	30
C1062	PF03798	super_18	512163	720034	2	21
C1063	PF03807	super_16	2405560	2494510	4	5
C1064	PF03931	super_96	141183	157425	2	0
C1065	PF03936	super_136	830109	868275	2	1
C1066	PF03936	super_197	163712	187271	2	1
C1067	PF03946	super_43	278942	357386	2	8
C1068	PF03951	super_16	410972	429027	2	0
C1069	PF03951	super_239	265269	283068	2	0
C1070	PF03953	super_0	1641091	1664174	3	0
C1071	PF03953	super_161	152943	165878	2	0
C1072	PF03953	super_35	1459105	1487079	3	0
C1073	PF03999	super_0	480922	500487	2	1
C1074	PF04057	super_39	2167254	2175705	2	1
C1075	PF04096	super_8	1773349	1830974	2	3
C1076	PF04109	super_11	3674010	3695170	2	0
C1077	PF04321	super_120	260543	298295	2	1
C1078	PF04408	super_180	194362	291623	2	2
C1079	PF04438	super_59	139975	232686	2	1
C1080	PF04525	super_15	2284410	2287463	2	0
C1081	PF04525	super_17	2005229	2157300	6	4
C1082	PF04525	super_51	157946	225869	2	6
C1083	PF04535	super_2	2337003	2358731	2	0
C1084	PF04535	super_66	827242	873948	2	1
C1085	PF04539	super_150	218601	520753	2	16
C1086	PF04542	super_150	218601	520753	2	16
C1087	PF04545	super_150	218601	520753	2	16
C1088	PF04564	super_94	781688	818889	2	1
C1089	PF04564	super_152	335739	538190	2	16
C1090	PF04576	super_145	439698	465426	2	0
C1091	PF04576	super_99	1015215	1031762	2	0
C1092	PF04577	super_72	1436831	1461803	2	1
C1093	PF04577	super_95	72291	80959	2	0
C1094	PF04749	super_29	694705	822721	3	8
C1095	PF04784	super_2	1082080	1163759	2	4
C1096	PF04784	super_79	472884	579153	2	6
C1097	PF04795	super_59	139975	232686	2	1
C1098	PF04833	super_52	1767223	1786839	2	0
C1099	PF04845	super_363	26505	120673	2	2
C1100	PF04851	super_225	197395	388095	2	14
C1101	PF04885	super_140	452057	487216	9	2
C1102	PF05018	super_16	1817734	1825714	2	0
C1103	PF05050	super_119	541137	588658	3	2
C1104	PF05056	super_454	5542	47984	3	1
C1105	PF05057	super_127	668299	803281	2	12
C1106	PF05057	super_325	9510	20651	2	0
C1107	PF05057	super_35	1567123	1594341	2	2
C1108	PF05057	super_366	8117	50254	2	1
C1109	PF05057	super_60	1294305	1310573	2	0
C1110	PF05057	super_91	469505	932038	3	44
C1111	PF05078	super_21	2116486	2145564	3	0
C1112	PF05078	super_3	4241496	4255868	2	0
C1113	PF05199	super_64	557602	571089	2	0
C1114	PF05217	super_341	12372	134766	3	11
C1115	PF05368	super_0	8823731	8837499	2	0
C1116	PF05368	super_12	857057	894495	2	1
C1117	PF05368	super_85	514436	526796	2	0
C1118	PF05637	super_102	495261	532840	2	3
C1119	PF05637	super_53	1628544	1655081	2	0
C1120	PF05641	super_105	1049963	1123077	4	2
C1121	PF05641	super_382	589	96883	3	8
C1122	PF05729	super_0	11057937	11083956	2	0
C1123	PF05729	super_171	74485	109574	2	0
C1124	PF05729	super_265	31814	229005	4	14
C1125	PF05729	super_48	1029729	1136286	3	3
C1126	PF05755	super_20	1268965	1329440	2	1
C1127	PF05922	super_4	5421264	5435821	2	0
C1128	PF05922	super_22	442195	673286	2	22
C1129	PF05938	super_109	354656	380320	2	1
C1130	PF05938	super_164	268406	315834	4	3
C1131	PF05938	super_167	434725	455576	2	0
C1132	PF05938	super_76	478154	483823	2	0
C1133	PF05970	super_32	130716	161322	2	2
C1134	PF05970	super_34	2263335	2422260	2	11
C1135	PF05970	super_35	204911	430979	3	9
C1136	PF05970	super_35	2404598	2450006	2	4
C1137	PF05970	super_38	67029	342234	2	11
C1138	PF05970	super_38	1607371	1698546	2	4
C1139	PF05970	super_52	1749704	1874501	2	9
C1140	PF05970	super_312	1099	104572	2	6
C1141	PF05970	super_55	1767700	1858773	2	8
C1142	PF05970	super_66	157126	396146	2	18
C1143	PF05970	super_9	260879	490580	2	22
C1144	PF05970	super_95	231776	462721	3	11
C1145	PF05970	super_42	459608	650498	2	19
C1146	PF05970	super_3	3509159	3832052	3	20
C1147	PF05970	super_7	4499177	4606386	2	8
C1148	PF05970	super_29	1616943	1908396	3	18
C1149	PF05970	super_11	577665	579761	2	0
C1150	PF05970	super_116	500945	778750	2	26
C1151	PF05970	super_294	98900	236012	2	12
C1152	PF05970	super_131	752423	754825	2	0
C1153	PF05970	super_149	186625	242875	2	3
C1154	PF05970	super_161	528005	694172	3	7
C1155	PF05970	super_134	341844	476367	2	4
C1156	PF05970	super_182	522051	528326	2	0
C1157	PF05970	super_2	508991	577789	2	4
C1158	PF05970	super_208	299602	424497	2	14
C1159	PF05970	super_229	88738	191022	2	6
C1160	PF05970	super_27	1768225	1991539	2	17
C1161	PF05970	super_174	479878	483064	2	0
C1162	PF05990	super_135	177631	223770	2	0
C1163	PF06241	super_154	243021	372654	2	8
C1164	PF06273	super_46	1034892	1120098	2	2
C1165	PF06293	super_36	1439297	1779038	3	20
C1166	PF06351	super_142	393575	460930	2	4
C1167	PF06351	super_293	135921	164701	3	0
C1168	PF06415	super_137	311090	335995	2	2
C1169	PF06747	super_56	554282	634498	2	5
C1170	PF06749	super_180	312196	358882	3	1
C1171	PF06760	super_131	154628	215757	2	1
C1172	PF06760	super_57	1641560	1663672	2	0
C1173	PF06813	super_104	600351	625689	2	1
C1174	PF06839	super_9	1608408	1686592	2	5
C1175	PF06955	super_92	414770	442940	2	0
C1176	PF06955	super_22	1470631	1579058	2	0
C1177	PF06955	super_251	28627	88580	2	1
C1178	PF06955	super_158	644259	659537	2	0
C1179	PF06955	super_105	569153	725660	3	7
C1180	PF06955	super_21	86790	185540	4	2
C1181	PF06974	super_101	1029461	1073158	2	4
C1182	PF06978	super_82	897754	929724	2	0
C1183	PF06991	super_98	286249	386541	2	8
C1184	PF07004	super_12	1414066	1695077	2	14
C1185	PF07004	super_236	245193	249969	2	0
C1186	PF07058	super_94	977049	996147	2	0
C1187	PF07200	super_0	223161	268946	2	5
C1188	PF07250	super_289	89840	134443	2	1
C1189	PF07250	super_247	112669	272810	2	8
C1190	PF07250	super_9	2312001	2365069	2	0
C1191	PF07250	super_12	1613603	1677600	2	0
C1192	PF07250	super_135	500983	553547	3	0
C1193	PF07367	super_134	133260	160866	2	0
C1194	PF07367	super_151	725750	734668	2	0
C1195	PF07367	super_271	60387	68554	2	0
C1196	PF07367	super_360	32912	97538	2	5
C1197	PF07645	super_14	2498672	2583236	2	1
C1198	PF07690	super_3	2117284	2221853	2	3
C1199	PF07690	super_28	2290892	2306510	2	1
C1200	PF07690	super_4	3810000	3960555	3	5
C1201	PF07690	super_0	9455439	9569589	3	3
C1202	PF07690	super_12	2752091	2819849	2	2
C1203	PF07707	super_1	641153	666730	2	4
C1204	PF07714	super_340	45113	143211	3	3
C1205	PF07714	super_4	4007738	4238209	2	22
C1206	PF07714	super_4	1993796	2074150	2	4
C1207	PF07714	super_40	1093727	1120336	2	2
C1208	PF07714	super_4	31557	221488	5	5
C1209	PF07714	super_38	1852691	2068951	2	14
C1210	PF07714	super_37	16548	730031	6	32
C1211	PF07714	super_36	1439297	1779038	4	19
C1212	PF07714	super_36	954208	988109	2	2
C1213	PF07714	super_36	28129	327052	2	19
C1214	PF07714	super_34	1590650	1808468	3	15
C1215	PF07714	super_32	2451121	2668793	3	16
C1216	PF07714	super_34	374730	430048	3	2
C1217	PF07714	super_334	4302	152406	4	1
C1218	PF07714	super_326	115654	179450	2	5
C1219	PF07714	super_322	143231	160656	2	0
C1220	PF07714	super_42	1587252	1694230	2	4
C1221	PF07714	super_318	5760	71146	2	4
C1222	PF07714	super_31	1901804	1910862	2	0
C1223	PF07714	super_31	814943	1053291	5	20
C1224	PF07714	super_300	162861	170751	2	0
C1225	PF07714	super_3	4124713	4232659	3	3
C1226	PF07714	super_283	27668	162628	2	8
C1227	PF07714	super_34	941432	970281	2	1
C1228	PF07714	super_43	1193461	1403063	5	11
C1229	PF07714	super_57	1641560	1663672	2	0
C1230	PF07714	super_48	630775	812755	3	8
C1231	PF07714	super_275	114934	162738	2	4
C1232	PF07714	super_91	110121	393458	2	17
C1233	PF07714	super_90	708468	1013079	2	22
C1234	PF07714	super_9	19697	171250	2	9
C1235	PF07714	super_89	865631	1166739	2	25
C1236	PF07714	super_87	546962	820208	4	22
C1237	PF07714	super_84	58116	131866	2	0
C1238	PF07714	super_83	1136125	1287716	2	11
C1239	PF07714	super_8	670317	1197899	4	33
C1240	PF07714	super_75	712694	801983	2	7
C1241	PF07714	super_74	949857	1266472	4	20
C1242	PF07714	super_44	2157312	2175959	2	1
C1243	PF07714	super_71	1253801	1361643	2	9
C1244	PF07714	super_67	9470	252488	4	19
C1245	PF07714	super_65	1339882	1712125	3	24
C1246	PF07714	super_65	17	208550	3	17
C1247	PF07714	super_63	1544823	1567330	2	2
C1248	PF07714	super_6	3217258	3490560	2	23
C1249	PF07714	super_59	1548097	1731080	2	16
C1250	PF07714	super_59	971478	1066123	2	9
C1251	PF07714	super_53	1522898	1880658	3	24
C1252	PF07714	super_49	432725	740245	2	23
C1253	PF07714	super_481	1537	17187	2	0
C1254	PF07714	super_48	1216372	1267477	2	1
C1255	PF07714	super_68	1208482	1256582	2	1
C1256	PF07714	super_274	14193	147883	2	12
C1257	PF07714	super_196	38495	127077	2	3
C1258	PF07714	super_266	112262	131177	2	1
C1259	PF07714	super_15	1628106	1938419	3	23
C1260	PF07714	super_146	300576	624710	9	24
C1261	PF07714	super_141	241562	674517	4	30
C1262	PF07714	super_14	3730606	3765874	2	1
C1263	PF07714	super_14	2498672	2583236	2	1
C1264	PF07714	super_14	251496	772912	3	36
C1265	PF07714	super_138	713655	824592	2	4
C1266	PF07714	super_137	151204	160936	2	0
C1267	PF07714	super_126	790821	956722	3	11
C1268	PF07714	super_12	2454202	2680100	6	4
C1269	PF07714	super_117	177299	552039	3	27
C1270	PF07714	super_15	3248999	3317712	2	2
C1271	PF07714	super_115	634971	910605	3	27
C1272	PF07714	super_105	11630	131113	2	4
C1273	PF07714	super_103	734056	1012504	2	23
C1274	PF07714	super_103	264440	412963	8	6
C1275	PF07714	super_101	784419	1135074	8	18
C1276	PF07714	super_10	5100	140269	4	2
C1277	PF07714	super_271	11936	98235	2	7
C1278	PF07714	super_1	2756911	3157206	4	22
C1279	PF07714	super_1	294727	499249	2	10
C1280	PF07714	super_0	9638028	9727226	2	9
C1281	PF07714	super_0	5057992	5143253	2	6
C1282	PF07714	super_0	157015	383166	3	19
C1283	PF07714	super_109	874201	1107940	3	18
C1284	PF07714	super_152	148671	195990	5	2
C1285	PF07714	super_1	5498015	5903487	3	23
C1286	PF07714	super_16	1222416	1494563	2	21
C1287	PF07714	super_262	26761	284525	2	9
C1288	PF07714	super_26	2188550	2213429	2	1
C1289	PF07714	super_26	407365	491566	2	5
C1290	PF07714	super_245	134078	242029	2	7
C1291	PF07714	super_235	18707	363284	4	17
C1292	PF07714	super_23	1715874	1729669	3	1
C1293	PF07714	super_226	19417	222128	2	16
C1294	PF07714	super_225	231926	344997	5	6
C1295	PF07714	super_224	71745	282260	3	9
C1296	PF07714	super_216	42474	91021	2	4
C1297	PF07714	super_210	105128	195517	2	4
C1298	PF07714	super_223	8757	126647	3	4
C1299	PF07714	super_20	2904100	2906030	2	0
C1300	PF07714	super_161	52207	105629	2	1
C1301	PF07714	super_162	432095	668861	2	19
C1302	PF07714	super_209	199369	320193	3	4
C1303	PF07714	super_175	302525	548092	2	18
C1304	PF07714	super_181	460324	478436	2	0
C1305	PF07714	super_163	2338	199392	2	15
C1306	PF07714	super_19	2661119	2875360	2	16
C1307	PF07714	super_191	474328	528598	4	0
C1308	PF07714	super_20	971018	1161583	2	7
C1309	PF07714	super_189	124852	180122	2	6
C1310	PF07714	super_159	13519	97994	2	4
C1311	PF07717	super_180	194362	291623	2	2
C1312	PF07722	super_29	601325	815730	2	15
C1313	PF07724	super_353	70008	105818	2	1
C1314	PF07727	super_76	1142150	1324988	2	16
C1315	PF07727	super_3	3637807	3665478	3	0
C1316	PF07727	super_41	112189	141848	2	1
C1317	PF07727	super_34	2472832	2493516	2	1
C1318	PF07727	super_282	8497	90734	3	6
C1319	PF07727	super_23	1513701	1763443	2	19
C1320	PF07727	super_118	878116	898960	2	1
C1321	PF07727	super_114	822564	1008381	3	6
C1322	PF07727	super_107	97377	351175	3	10
C1323	PF07727	super_241	95809	105154	2	0
C1324	PF07728	super_19	606413	766115	2	2
C1325	PF07731	super_120	81166	107816	2	0
C1326	PF07731	super_22	1010736	1188996	2	7
C1327	PF07748	super_43	1046304	1093894	2	6
C1328	PF07795	super_2	3512129	3566942	2	0
C1329	PF07842	super_85	613232	653808	2	2
C1330	PF07876	super_93	968964	995540	2	1
C1331	PF07883	super_8	1963738	2082194	9	2
C1332	PF07883	super_62	11944	15917	2	0
C1333	PF07883	super_6	1067384	1083165	3	0
C1334	PF07883	super_563	552	8568	2	0
C1335	PF07883	super_27	774841	799305	3	0
C1336	PF07883	super_236	138780	170513	3	0
C1337	PF07883	super_181	532907	603829	4	2
C1338	PF07883	super_176	566101	612830	5	3
C1339	PF07883	super_26	1761426	1777655	2	0
C1340	PF07887	super_77	152315	295626	7	3
C1341	PF07910	super_109	663192	740987	3	5
C1342	PF07969	super_5	1120294	1218293	2	8
C1343	PF08071	super_85	213095	307421	2	6
C1344	PF08100	super_93	223959	249927	2	0
C1345	PF08100	super_52	1271603	1334902	4	4
C1346	PF08100	super_354	65095	105810	2	2
C1347	PF08100	super_52	145188	450416	3	22
C1348	PF08132	super_111	263337	289135	2	1
C1349	PF08238	super_1	270460	301554	2	2
C1350	PF08238	super_191	497877	528598	3	0
C1351	PF08240	super_95	861087	1046834	2	17
C1352	PF08240	super_25	2571540	2824060	3	16
C1353	PF08240	super_70	733645	786348	7	1
C1354	PF08240	super_11	151257	168829	2	1
C1355	PF08240	super_0	7023023	7283288	3	17
C1356	PF08240	super_140	354068	376109	2	0
C1357	PF08244	super_31	634086	685066	3	0
C1358	PF08244	super_67	450978	489923	2	0
C1359	PF08244	super_73	162406	270065	3	2
C1360	PF08263	super_66	296959	302939	2	0
C1361	PF08263	super_3	4124713	4440739	4	13
C1362	PF08263	super_29	2122326	2267272	2	10
C1363	PF08263	super_275	114934	162738	2	4
C1364	PF08263	super_245	32399	284497	5	14
C1365	PF08263	super_43	327813	366442	3	4
C1366	PF08263	super_215	78774	163447	2	6
C1367	PF08263	super_205	413628	464596	2	3
C1368	PF08263	super_180	572344	578553	2	0
C1369	PF08263	super_24	487841	621174	2	7
C1370	PF08263	super_148	478932	732067	5	13
C1371	PF08276	super_27	1626613	1685254	2	0
C1372	PF08295	super_15	2866039	2944580	2	6
C1373	PF08370	super_41	583749	638504	3	0
C1374	PF08370	super_58	574236	710862	2	7
C1375	PF08370	super_40	401531	427795	2	0
C1376	PF08417	super_281	167595	244943	4	5
C1377	PF08423	super_146	220150	226178	2	0
C1378	PF08450	super_40	111108	148183	3	4
C1379	PF08477	super_20	2996733	3008879	2	0
C1380	PF08477	super_40	383643	498403	2	5
C1381	PF08513	super_40	1187873	1204332	2	1
C1382	PF08541	super_31	1592519	1632270	2	0
C1383	PF08590	super_24	2622804	2907865	2	25
C1384	PF08627	super_293	37159	45020	2	0
C1385	PF08659	super_8	1662532	1714870	2	2
C1386	PF08659	super_22	269828	336265	3	1
C1387	PF08881	super_207	22125	133011	8	1
C1388	PF08881	super_275	249462	275537	2	0
C1389	PF08911	super_5	3910127	3979432	2	2
C1390	PF09118	super_12	1613603	1677600	2	0
C1391	PF09118	super_135	500983	553547	3	0
C1392	PF09118	super_247	112669	272810	2	8
C1393	PF09118	super_289	89840	134443	2	1
C1394	PF09118	super_9	2312001	2365069	2	0
C1395	PF09173	super_17	1650248	1701158	2	2
C1396	PF09265	super_2	864183	868201	2	0
C1397	PF09337	super_304	77750	190689	3	3
C1398	PF09337	super_5	82169	94437	2	0
C1399	PF09337	super_337	17453	29968	2	0
C1400	PF09337	super_22	645559	839540	2	9
C1401	PF09337	super_160	357055	369309	2	0
C1402	PF09337	super_15	843855	884885	2	4
C1403	PF09337	super_1	6710180	6719692	2	0
C1404	PF09337	super_19	2810796	2822574	2	0
C1405	PF10017	super_31	266975	524273	3	14
C1406	PF10067	super_6	932439	963256	4	0
C1407	PF10235	super_112	409632	426673	2	1
C1408	PF10237	super_130	169263	214665	3	5
C1409	PF10294	super_51	140826	241639	2	10
C1410	PF11145	super_0	8983312	9020449	2	0
C1411	PF11145	super_462	29	50512	3	0
C1412	PF11721	super_34	1756003	1808468	2	4
C1413	PF11937	super_72	1293571	1322047	2	0
C1414	PF11960	super_27	163882	182557	2	0
C1415	PF12142	super_48	1803331	1837922	2	2
C1416	PF12143	super_48	1803331	1837922	2	2
C1417	PF12296	super_193	486923	500454	2	0
C1418	PF12348	super_116	866589	889090	2	0
C1419	PF12457	super_85	613232	653808	2	2
C1420	PF12481	super_185	336108	373490	2	0
C1421	PF12515	super_74	973999	1021040	2	0
C1422	PF12695	super_164	484233	496876	2	1
C1423	PF12695	super_266	135877	206911	2	5
C1424	PF12695	super_43	382838	436983	3	3
C1425	PF12695	super_88	218193	397103	2	9
C1426	PF12697	super_20	1575508	1586199	2	0
C1427	PF12697	super_3	810780	870189	2	3
C1428	PF12697	super_6	2527677	2589194	2	5
C1429	PF12796	super_95	1079435	1207285	4	0
C1430	PF12796	super_65	557591	576945	2	1
C1431	PF12796	super_65	96491	122760	2	0
C1432	PF12796	super_558	22	21659	2	1
C1433	PF12796	super_4	2285733	2330021	2	1
C1434	PF12796	super_341	110309	128773	2	3
C1435	PF12796	super_32	836203	1135373	3	16
C1436	PF12796	super_316	61735	118099	2	1
C1437	PF12796	super_239	12998	112923	3	3
C1438	PF12796	super_22	2597710	2674548	6	2
C1439	PF12796	super_18	729113	747613	2	0
C1440	PF12796	super_169	32001	103174	2	1
C1441	PF12796	super_15	2329373	2547385	3	5
C1442	PF12796	super_1	5394393	5472753	5	4
C1443	PF12796	super_0	8681508	8704937	2	0
C1444	PF12796	super_257	218393	283374	3	0
C1445	PF12799	super_235	80510	108783	2	1
C1446	PF12799	super_189	137108	149792	2	0
C1447	PF12799	super_57	1286318	1354577	2	4
C1448	PF12819	super_43	1337271	1382175	2	0
C1449	PF12819	super_48	1216372	1267477	2	1
C1450	PF12819	super_493	96	36926	2	0
C1451	PF12819	super_37	545952	628550	2	4
C1452	PF12819	super_53	1777782	1880658	2	3
C1453	PF12819	super_84	58116	172202	2	1
C1454	PF12819	super_50	818	65133	3	1
C1455	PF12819	super_369	2414	59634	2	3
C1456	PF12819	super_161	56634	105629	2	0
C1457	PF12819	super_21	2762321	2945552	2	6
C1458	PF12819	super_2	3982465	4042788	2	2
C1459	PF12819	super_24	38338	92902	2	0
C1460	PF12819	super_150	619754	700574	2	3
C1461	PF12819	super_15	3252268	3317712	2	1
C1462	PF12819	super_137	3527	159445	3	4
C1463	PF12819	super_115	762201	797961	2	1
C1464	PF12899	super_93	1023436	1060302	2	3
C1465	PF12937	super_80	822739	866679	2	1
C1466	PF12937	super_16	3539905	3560569	2	1
C1467	PF13041	super_30	1448233	1764657	3	17
C1468	PF13041	super_37	2002091	2100223	2	7
C1469	PF13041	super_411	13	62163	4	0
C1470	PF13041	super_46	228921	231392	2	0
C1471	PF13041	super_29	2043698	2521284	3	33
C1472	PF13041	super_55	1596829	1635349	3	1
C1473	PF13041	super_6	3237256	3540927	2	26
C1474	PF13041	super_67	1139152	1439663	3	19
C1475	PF13041	super_8	3457932	3621835	2	10
C1476	PF13041	super_7	3122917	3345519	2	14
C1477	PF13041	super_71	652275	793867	3	4
C1478	PF13041	super_77	571699	744950	2	15
C1479	PF13041	super_8	4207691	4499875	4	16
C1480	PF13041	super_85	11949	248011	2	16
C1481	PF13041	super_91	643876	691285	2	5
C1482	PF13041	super_97	142470	203062	2	5
C1483	PF13041	super_29	453504	583369	3	15
C1484	PF13041	super_68	1261136	1268462	2	0
C1485	PF13041	super_27	2337355	2704522	3	30
C1486	PF13041	super_0	4621532	4742146	3	6
C1487	PF13041	super_242	271379	281493	2	0
C1488	PF13041	super_25	2596993	2779557	3	11
C1489	PF13041	super_0	8245553	8403729	2	9
C1490	PF13041	super_1	6330852	6605213	2	16
C1491	PF13041	super_103	887391	1037021	2	9
C1492	PF13041	super_104	1024550	1136006	2	9
C1493	PF13041	super_106	920877	968235	2	4
C1494	PF13041	super_108	288458	418727	2	6
C1495	PF13041	super_132	196625	205343	2	0
C1496	PF13041	super_12	3178008	3308957	2	9
C1497	PF13041	super_15	276634	582079	3	24
C1498	PF13041	super_170	549859	619616	2	6
C1499	PF13041	super_189	321266	537541	3	12
C1500	PF13041	super_19	2676731	2869209	3	14
C1501	PF13041	super_207	242632	439927	2	12
C1502	PF13041	super_24	1387907	1402733	2	1
C1503	PF13041	super_24	2651389	2941522	3	27
C1504	PF13041	super_141	534566	570474	2	2
C1505	PF13086	super_23	322494	355885	2	0
C1506	PF13087	super_23	322494	355885	2	0
C1507	PF13091	super_16	2585811	2657799	3	4
C1508	PF13129	super_87	81153	157406	3	1
C1509	PF13193	super_20	646099	730020	2	9
C1510	PF13193	super_78	207910	231694	2	0
C1511	PF13202	super_13	323200	373448	2	3
C1512	PF13242	super_5	1944285	2211592	2	20
C1513	PF13347	super_141	506640	528443	2	0
C1514	PF13359	super_225	231926	317684	2	6
C1515	PF13360	super_153	475847	516901	3	2
C1516	PF13360	super_91	527986	533224	2	0
C1517	PF13371	super_98	731944	740163	2	0
C1518	PF13371	super_97	522188	528091	2	0
C1519	PF13371	super_77	1347309	1395005	3	0
C1520	PF13371	super_49	906565	1010681	4	1
C1521	PF13371	super_130	672157	722475	2	0
C1522	PF13371	super_127	883192	892192	2	0
C1523	PF13371	super_77	777523	854155	2	3
C1524	PF13409	super_12	2955453	2965769	2	0
C1525	PF13410	super_12	2955453	2965769	2	0
C1526	PF13410	super_263	218863	255681	3	2
C1527	PF13414	super_6	4338935	4530860	2	9
C1528	PF13414	super_76	1269928	1463842	2	15
C1529	PF13414	super_6	2640671	2792218	2	10
C1530	PF13414	super_77	434257	784554	3	24
C1531	PF13414	super_4	3676105	3685690	2	0
C1532	PF13414	super_163	2338	194828	3	13
C1533	PF13414	super_46	82439	101146	2	0
C1534	PF13417	super_263	218863	255681	2	3
C1535	PF13417	super_97	408615	417656	2	1
C1536	PF13419	super_371	6243	89853	2	4
C1537	PF13450	super_56	1381987	1562919	2	6
C1538	PF13489	super_130	166517	217166	3	7
C1539	PF13499	super_67	1435942	1502474	2	7
C1540	PF13499	super_6	184947	232213	2	3
C1541	PF13499	super_40	1093727	1120336	2	2
C1542	PF13499	super_34	941432	970281	2	1
C1543	PF13499	super_159	435558	538521	2	5
C1544	PF13499	super_133	302387	514867	2	10
C1545	PF13499	super_13	323200	373448	2	3
C1546	PF13528	super_116	54526	150008	2	10
C1547	PF13561	super_127	261275	456673	9	6
C1548	PF13561	super_154	264563	278153	2	0
C1549	PF13561	super_186	4323	89655	2	7
C1550	PF13561	super_21	2563537	2582713	2	0
C1551	PF13561	super_30	2395508	2488587	2	7
C1552	PF13561	super_57	1581216	1608964	2	0
C1553	PF13561	super_7	4854557	5087275	4	13
C1554	PF13561	super_84	1054718	1076889	2	1
C1555	PF13579	super_1	5386809	5493381	2	11
C1556	PF13630	super_21	2183580	2214022	2	1
C1557	PF13632	super_128	687906	778398	2	3
C1558	PF13632	super_275	127802	152552	2	0
C1559	PF13637	super_1	5394393	5467097	3	5
C1560	PF13637	super_22	2614971	2663542	2	3
C1561	PF13637	super_32	836203	1135373	2	17
C1562	PF13639	super_47	467127	725812	2	24
C1563	PF13639	super_35	102529	485244	3	25
C1564	PF13639	super_30	226547	266917	2	1
C1565	PF13639	super_22	1852381	1886626	2	0
C1566	PF13639	super_20	2615733	2703429	2	5
C1567	PF13639	super_21	835368	1079607	2	14
C1568	PF13639	super_14	2832521	3084744	2	18
C1569	PF13639	super_14	178584	480805	2	21
C1570	PF13639	super_12	719303	805292	2	4
C1571	PF13639	super_0	8864367	8954784	2	7
C1572	PF13639	super_173	143466	267930	2	11
C1573	PF13650	super_1	6710180	6719692	2	0
C1574	PF13650	super_19	2810796	2822574	2	0
C1575	PF13668	super_159	567437	585485	2	0
C1576	PF13668	super_7	4115955	4159345	2	0
C1577	PF13672	super_47	781044	796068	2	0
C1578	PF13672	super_12	680202	703922	2	0
C1579	PF13672	super_126	562139	578980	2	0
C1580	PF13676	super_0	11057937	11083956	2	0
C1581	PF13774	super_137	316150	324046	2	0
C1582	PF13812	super_29	453504	583369	2	16
C1583	PF13833	super_170	585699	599836	2	0
C1584	PF13837	super_199	259997	412690	2	7
C1585	PF13837	super_20	3151764	3287447	2	9
C1586	PF13837	super_268	22874	47183	2	0
C1587	PF13837	super_3	240982	392891	2	15
C1588	PF13837	super_34	1675171	1768276	2	5
C1589	PF13837	super_35	1388867	1670609	2	12
C1590	PF13837	super_84	407709	463325	2	0
C1591	PF13839	super_2	262978	278053	2	1
C1592	PF13848	super_15	1701057	1922999	2	17
C1593	PF13855	super_66	296959	302939	2	0
C1594	PF13855	super_6	2126926	2190073	2	1
C1595	PF13855	super_39	1656459	1913337	2	14
C1596	PF13855	super_3	2074876	2158810	2	4
C1597	PF13855	super_29	2122326	2313682	2	12
C1598	PF13855	super_284	35827	126081	2	6
C1599	PF13855	super_28	1168139	1291640	2	10
C1600	PF13855	super_260	112503	183260	2	2
C1601	PF13855	super_217	43	268331	2	22
C1602	PF13855	super_21	2274769	2334316	2	2
C1603	PF13855	super_21	1048881	1260135	2	11
C1604	PF13855	super_25	2601834	2788364	2	12
C1605	PF13855	super_171	44074	109574	2	1
C1606	PF13855	super_169	71534	338201	2	18
C1607	PF13855	super_2	3982465	4125858	2	7
C1608	PF13855	super_152	39720	104240	2	4
C1609	PF13855	super_148	478932	732067	5	13
C1610	PF13855	super_137	38877	159445	2	4
C1611	PF13855	super_11	2340319	2371552	2	0
C1612	PF13855	super_109	971921	1068584	2	5
C1613	PF13855	super_1	2761063	2872766	2	1
C1614	PF13855	super_0	6008385	6191327	6	2
C1615	PF13855	super_0	2291900	2530403	2	21
C1616	PF13857	super_316	61735	118099	2	1
C1617	PF13857	super_95	1116634	1168779	2	0
C1618	PF13857	super_18	729113	798027	2	2
C1619	PF13857	super_22	2597710	2663542	2	5
C1620	PF13911	super_144	170107	178978	2	0
C1621	PF13920	super_151	427932	538419	2	10
C1622	PF13920	super_2	4977729	5195011	2	11
C1623	PF13920	super_40	600326	619969	2	2
C1624	PF13920	super_6	4129597	4164262	2	1
C1625	PF13920	super_77	1284414	1426946	2	12
C1626	PF13947	super_14	2498672	2583236	2	1
C1627	PF13952	super_14	2991453	3164771	4	10
C1628	PF13952	super_9	3485002	3700318	2	4
C1629	PF13960	super_250	13157	170913	2	6
C1630	PF13960	super_7	3237647	3651527	3	30
C1631	PF13960	super_57	322884	516195	2	6
C1632	PF13960	super_263	105221	137762	2	2
C1633	PF13960	super_228	91	414605	3	31
C1634	PF13960	super_56	1748107	1843240	2	3
C1635	PF13960	super_160	504504	541328	2	3
C1636	PF13960	super_14	2991453	3011875	2	3
C1637	PF13960	super_190	16299	193876	2	7
C1638	PF13960	super_103	751339	782214	2	4
C1639	PF13960	super_0	7635976	7664884	2	3
C1640	PF13961	super_34	2472832	2523764	3	2
C1641	PF13961	super_3	3657115	3665478	2	0
C1642	PF13961	super_295	218717	224164	2	0
C1643	PF13961	super_241	101778	177994	3	4
C1644	PF13961	super_175	18640	23887	2	0
C1645	PF13961	super_118	881809	898960	2	0
C1646	PF13961	super_107	113692	135809	3	0
C1647	PF13961	super_185	11372	33527	2	2
C1648	PF13962	super_32	836203	912549	2	1
C1649	PF13962	super_65	96491	122760	2	0
C1650	PF13962	super_63	270327	301902	3	0
C1651	PF13962	super_558	22	21659	2	1
C1652	PF13962	super_4	2285733	2330021	2	1
C1653	PF13962	super_26	2737304	2772262	2	1
C1654	PF13962	super_239	12998	112923	3	3
C1655	PF13962	super_22	2597710	2663542	5	2
C1656	PF13962	super_176	330819	425591	3	3
C1657	PF13962	super_1	147376	192979	2	0
C1658	PF13962	super_0	8681508	8704937	2	0
C1659	PF13962	super_257	218393	283374	3	0
C1660	PF13976	super_302	211037	217845	2	0
C1661	PF13976	super_58	1463214	1470749	2	0
C1662	PF13976	super_567	3185	18812	2	1
C1663	PF13976	super_49	153376	320302	2	5
C1664	PF13976	super_61	1797887	1805025	2	0
C1665	PF13976	super_439	49228	62026	3	0
C1666	PF13976	super_391	531	28510	3	0
C1667	PF13976	super_386	87227	94679	2	0
C1668	PF13976	super_34	2475479	2493516	2	1
C1669	PF13976	super_3	3627943	3661135	3	0
C1670	PF13976	super_13	436863	556268	4	4
C1671	PF13976	super_241	95809	177994	6	2
C1672	PF13976	super_23	1513701	1763443	2	19
C1673	PF13976	super_188	197305	209441	2	1
C1674	PF13976	super_185	1143	35899	3	3
C1675	PF13976	super_139	749355	825022	2	3
C1676	PF13976	super_118	878116	898960	2	1
C1677	PF13976	super_114	822564	1011753	5	5
C1678	PF13976	super_107	80431	351175	7	9
C1679	PF13976	super_282	8497	90734	4	5
C1680	PF14009	super_7	1351394	1407967	2	0
C1681	PF14009	super_228	197650	227530	2	0
C1682	PF14009	super_124	737790	745606	2	0
C1683	PF14144	super_130	38184	128578	3	1
C1684	PF14214	super_38	67029	342234	2	11
C1685	PF14214	super_9	260879	490580	2	22
C1686	PF14214	super_7	4499177	4606386	2	8
C1687	PF14214	super_66	153752	396146	2	20
C1688	PF14214	super_55	1767700	1858773	2	8
C1689	PF14214	super_54	1268357	1340669	2	7
C1690	PF14214	super_52	1749704	1874501	2	9
C1691	PF14214	super_42	459608	652889	2	20
C1692	PF14214	super_35	205545	430979	2	9
C1693	PF14214	super_35	2404598	2450006	2	4
C1694	PF14214	super_312	1099	108197	2	7
C1695	PF14214	super_116	500945	774639	2	25
C1696	PF14214	super_134	341844	474636	2	3
C1697	PF14214	super_149	186625	242875	2	3
C1698	PF14214	super_226	2559	7851	2	0
C1699	PF14214	super_34	2263335	2422260	2	11
C1700	PF14214	super_27	1768225	1991539	2	17
C1701	PF14214	super_29	1616943	1907727	2	18
C1702	PF14214	super_3	3509159	3832052	3	20
C1703	PF14214	super_229	88738	191022	2	6
C1704	PF14223	super_20	2326645	2421998	2	3
C1705	PF14223	super_205	220374	264377	2	0
C1706	PF14223	super_241	142463	171213	2	1
C1707	PF14223	super_282	69692	86386	2	2
C1708	PF14223	super_31	2601114	2661568	2	0
C1709	PF14223	super_387	76165	91662	2	0
C1710	PF14223	super_444	240	14692	2	1
C1711	PF14223	super_57	443025	553537	2	2
C1712	PF14226	super_75	426782	634255	2	7
C1713	PF14226	super_60	484248	533293	2	1
C1714	PF14226	super_25	751392	772573	2	1
C1715	PF14226	super_37	794762	828978	3	1
C1716	PF14226	super_152	224838	245758	2	2
C1717	PF14226	super_127	557399	595536	3	0
C1718	PF14226	super_171	160784	192361	2	2
C1719	PF14227	super_302	207937	212869	2	0
C1720	PF14227	super_34	5339	41938	2	0
C1721	PF14227	super_34	2472832	2531105	4	2
C1722	PF14227	super_386	87227	94679	2	0
C1723	PF14227	super_391	531	28510	3	0
C1724	PF14227	super_439	49228	62026	3	0
C1725	PF14227	super_49	153376	320302	2	5
C1726	PF14227	super_5	694567	734339	2	2
C1727	PF14227	super_567	7463	18812	2	0
C1728	PF14227	super_58	1376242	1467271	2	4
C1729	PF14227	super_61	1783751	1809815	3	1
C1730	PF14227	super_76	1113	6655	2	0
C1731	PF14227	super_83	1397574	1407582	2	0
C1732	PF14227	super_3	3627943	3665478	4	0
C1733	PF14227	super_147	453530	498735	5	0
C1734	PF14227	super_280	1562	117044	2	5
C1735	PF14227	super_107	80431	138752	5	3
C1736	PF14227	super_114	822564	1011753	4	6
C1737	PF14227	super_118	878116	928325	3	2
C1738	PF14227	super_282	8497	107780	7	4
C1739	PF14227	super_139	749355	825022	2	3
C1740	PF14227	super_13	534622	556268	4	0
C1741	PF14227	super_175	5497	23887	3	1
C1742	PF14227	super_185	1143	33527	5	0
C1743	PF14227	super_188	193653	230898	5	1
C1744	PF14227	super_205	208651	266168	3	2
C1745	PF14227	super_241	95809	131989	4	0
C1746	PF14227	super_145	781401	795628	2	0
C1747	PF14244	super_0	2763552	2779458	2	0
C1748	PF14309	super_27	270733	338390	2	3
C1749	PF14363	super_179	338156	479798	2	11
C1750	PF14368	super_90	675688	713829	2	0
C1751	PF14368	super_56	613414	654030	2	1
C1752	PF14368	super_30	2247144	2288919	5	1
C1753	PF14379	super_140	536327	564569	2	0
C1754	PF14379	super_173	291588	316892	2	1
C1755	PF14379	super_78	880642	946957	2	2
C1756	PF14383	super_27	270733	338390	2	3
C1757	PF14389	super_2	1082080	1163759	2	4
C1758	PF14389	super_79	288023	579153	3	15
C1759	PF14416	super_2	262978	278053	2	1
C1760	PF14432	super_85	957417	1047245	2	5
C1761	PF14432	super_85	11949	248011	2	16
C1762	PF14432	super_8	4207691	4499875	3	17
C1763	PF14432	super_77	571699	898899	3	21
C1764	PF14432	super_68	1261136	1268462	2	0
C1765	PF14432	super_43	1274166	1304550	2	3
C1766	PF14432	super_411	13	62163	4	0
C1767	PF14432	super_36	308563	345212	2	2
C1768	PF14432	super_197	358902	494067	3	10
C1769	PF14432	super_24	1260526	1402733	3	6
C1770	PF14432	super_193	159403	338856	2	13
C1771	PF14432	super_189	254152	537541	4	14
C1772	PF14432	super_170	549859	619616	2	6
C1773	PF14432	super_14	2453002	2539369	2	2
C1774	PF14432	super_12	3178008	3308957	2	9
C1775	PF14432	super_103	874194	890409	2	0
C1776	PF14432	super_3	5324159	5490685	2	10
C1777	PF14476	super_173	353800	451472	4	10
C1778	PF14476	super_54	500773	709361	8	10
C1779	PF14497	super_17	2014331	2163020	3	8
C1780	PF14510	super_58	574236	710862	2	7
C1781	PF14510	super_40	401531	427795	2	0
C1782	PF14510	super_41	583749	638504	3	0
C1783	PF14531	super_7	3817968	3903908	2	5
C1784	PF14541	super_9	1572517	1676060	3	4
C1785	PF14580	super_113	496354	587189	2	7
C1786	PF14714	super_403	19942	67720	2	3
C1787	PF14770	super_48	1811625	1878458	3	5
C1788	PF15474	super_339	6263	40612	2	2
C1789	PF15491	super_321	290	113099	2	11
C1790	PF15491	super_386	54136	56707	2	0
C1791	PF15491	super_418	5364	58311	2	4
C1792	PF15801	super_240	254989	289726	2	2
C1793	PF16095	super_121	846662	936231	3	0
C1794	PF16095	super_437	13937	44310	2	2
C1795	PF16095	super_39	785379	855749	3	2
C1796	PF16095	super_315	65826	194845	2	10
C1797	PF16095	super_31	228380	801160	6	29
C1798	PF16095	super_109	414924	601365	3	11
C1799	PF16095	super_172	27552	104563	2	3
C1800	PF16095	super_136	725664	818715	2	6
C1801	PF16095	super_216	397268	450738	2	0
C1802	PF16123	super_107	702972	796524	3	2
C1803	PF16656	super_109	453201	548127	2	7
C1804	PF16879	super_15	2866039	2944580	2	6
C1805	PF16884	super_112	426770	479465	2	0
C1806	PF16884	super_133	8096	105882	2	3
C1807	PF16916	super_279	71261	80649	2	0
C1808	PF16953	super_6	3202914	3235095	2	1
