chr	start	end	name	strand	cluster_id	category
super_0	1641091	1643566	Sphfalx0000s0119	0.0	C303	PF03953
super_0	1641091	1643566	Sphfalx0000s0119	0.0	C64	PF00091
super_0	1648396	1650540	Sphfalx0000s0120	0.0	C303	PF03953
super_0	1648396	1650540	Sphfalx0000s0120	0.0	C64	PF00091
super_0	2553233	2553508	Sphfalx0000s0191	0.0	C110	PF00240
super_0	2562005	2562280	Sphfalx0000s0193	0.0	C110	PF00240
super_0	4724093	4733033	Sphfalx0000s0312	0.0	C236	PF01535
super_0	4724093	4733033	Sphfalx0000s0312	0.0	C416	PF13041
super_0	4740454	4742146	Sphfalx0000s0314	0.0	C236	PF01535
super_0	4740454	4742146	Sphfalx0000s0314	0.0	C416	PF13041
super_0	6161326	6174994	Sphfalx0000s0403	0.0	C439	PF13855
super_0	6181324	6191327	Sphfalx0000s0404	0.0	C439	PF13855
super_0	6441072	6443923	Sphfalx0000s0420	0.0	C268	PF02519
super_0	6444476	6446864	Sphfalx0000s0421	0.0	C268	PF02519
super_0	8157936	8162878	Sphfalx0000s0539	0.0	C128	PF00400
super_0	8172237	8177081	Sphfalx0000s0542	0.0	C128	PF00400
super_0	8823731	8826738	Sphfalx0000s0575	0.0	C320	PF05368
super_0	8836573	8837499	Sphfalx0000s0576	0.0	C320	PF05368
super_0	10452253	10455076	Sphfalx0000s0683	0.0	C290	PF03254
super_0	10459900	10461918	Sphfalx0000s0684	0.0	C290	PF03254
super_1	2006361	2011321	Sphfalx0001s0120	0.0	C284	PF03110
super_1	2014796	2022359	Sphfalx0001s0121	0.0	C284	PF03110
super_1	5452786	5452986	Sphfalx0001s0350	0.0	C185	PF00665
super_1	5453953	5457092	Sphfalx0001s0351	0.0	C185	PF00665
super_1	5464001	5467097	Sphfalx0001s0352	0.0	C404	PF12796
super_1	5469839	5472753	Sphfalx0001s0353	0.0	C404	PF12796
super_1	6710180	6714445	Sphfalx0001s0438	0.0	C398	PF09337
super_1	6710180	6714445	Sphfalx0001s0438	0.0	C79	PF00098
super_1	6710180	6714445	Sphfalx0001s0438	0.0	C433	PF13650
super_1	6710180	6714445	Sphfalx0001s0438	0.0	C297	PF03732
super_1	6710180	6714445	Sphfalx0001s0438	0.0	C184	PF00665
super_1	6710180	6714445	Sphfalx0001s0438	0.0	C60	PF00078
super_1	6714500	6719692	Sphfalx0001s0439	0.0	C433	PF13650
super_1	6714500	6719692	Sphfalx0001s0439	0.0	C79	PF00098
super_1	6714500	6719692	Sphfalx0001s0439	0.0	C398	PF09337
super_1	6714500	6719692	Sphfalx0001s0439	0.0	C297	PF03732
super_1	6714500	6719692	Sphfalx0001s0439	0.0	C184	PF00665
super_1	6714500	6719692	Sphfalx0001s0439	0.0	C60	PF00078
super_10	1047644	1049736	Sphfalx0010s0059	0.0	C142	PF00407
super_10	1059255	1061396	Sphfalx0010s0060	0.0	C142	PF00407
super_10	1220541	1223321	Sphfalx0010s0070	0.0	C156	PF00550
super_10	1225916	1227141	Sphfalx0010s0071	0.0	C156	PF00550
super_10	2495182	2497097	Sphfalx0010s0163	0.0	C62	PF00078
super_10	2499581	2502294	Sphfalx0010s0164	0.0	C127	PF00385
super_10	2499581	2502294	Sphfalx0010s0164	0.0	C183	PF00665
super_10	2499581	2502294	Sphfalx0010s0164	0.0	C62	PF00078
super_10	2503384	2507305	Sphfalx0010s0165	0.0	C127	PF00385
super_10	2503384	2507305	Sphfalx0010s0165	0.0	C62	PF00078
super_10	2508090	2509691	Sphfalx0010s0166	0.0	C183	PF00665
super_10	3824160	3827386	Sphfalx0010s0260	0.0	C131	PF00403
super_10	3837031	3840156	Sphfalx0010s0261	0.0	C131	PF00403
super_101	1122595	1124216	Sphfalx0101s0075	0.0	C360	PF07714
super_101	1133134	1135074	Sphfalx0101s0077	0.0	C360	PF07714
super_103	340470	346668	Sphfalx0103s0021	0.0	C359	PF07714
super_103	351388	357030	Sphfalx0103s0022	0.0	C359	PF07714
super_103	362281	368365	Sphfalx0103s0023	0.0	C359	PF07714
super_103	389309	390598	Sphfalx0103s0025	0.0	C358	PF07714
super_103	390790	393837	Sphfalx0103s0026	0.0	C358	PF07714
super_103	581351	585895	Sphfalx0103s0042	0.0	C47	PF00069
super_103	593503	599279	Sphfalx0103s0043	0.0	C47	PF00069
super_105	569153	572535	Sphfalx0105s0041	0.0	C335	PF06955
super_105	569153	572535	Sphfalx0105s0041	0.0	C191	PF00722
super_105	579184	581496	Sphfalx0105s0042	0.0	C335	PF06955
super_105	579184	581496	Sphfalx0105s0042	0.0	C191	PF00722
super_105	1062069	1066804	Sphfalx0105s0065	0.0	C46	PF00069
super_105	1068395	1075928	Sphfalx0105s0066	0.0	C228	PF01426
super_105	1068395	1075928	Sphfalx0105s0066	0.0	C322	PF05641
super_105	1068395	1075928	Sphfalx0105s0066	0.0	C46	PF00069
super_105	1084196	1086967	Sphfalx0105s0067	0.0	C228	PF01426
super_105	1084196	1086967	Sphfalx0105s0067	0.0	C322	PF05641
super_107	80431	82072	Sphfalx0107s0007	0.0	C457	PF13976
super_107	80431	82072	Sphfalx0107s0007	0.0	C491	PF14227
super_107	91878	93391	Sphfalx0107s0008	0.0	C457	PF13976
super_107	91878	93391	Sphfalx0107s0008	0.0	C491	PF14227
super_107	97377	102163	Sphfalx0107s0010	0.0	C457	PF13976
super_107	97377	102163	Sphfalx0107s0010	0.0	C491	PF14227
super_107	113692	116141	Sphfalx0107s0011	0.0	C444	PF13961
super_107	113692	116141	Sphfalx0107s0011	0.0	C461	PF13976
super_107	121730	126934	Sphfalx0107s0012	0.0	C444	PF13961
super_107	121730	126934	Sphfalx0107s0012	0.0	C461	PF13976
super_107	121730	126934	Sphfalx0107s0012	0.0	C490	PF14227
super_107	121730	126934	Sphfalx0107s0012	0.0	C182	PF00665
super_107	135546	135809	Sphfalx0107s0013	0.0	C444	PF13961
super_107	136179	138752	Sphfalx0107s0014	0.0	C461	PF13976
super_107	136179	138752	Sphfalx0107s0014	0.0	C182	PF00665
super_107	136179	138752	Sphfalx0107s0014	0.0	C490	PF14227
super_107	1063082	1064732	Sphfalx0107s0071	0.0	C6	PF00011
super_107	1074534	1076325	Sphfalx0107s0072	0.0	C6	PF00011
super_11	151257	152971	Sphfalx0011s0015	0.0	C83	PF00107
super_11	154751	155850	Sphfalx0011s0016	0.0	C83	PF00107
super_11	577665	578486	Sphfalx0011s0036	0.0	C330	PF05970
super_11	578601	579761	Sphfalx0011s0037	0.0	C330	PF05970
super_11	3148120	3151732	Sphfalx0011s0188	0.0	C206	PF00931
super_11	3156144	3162716	Sphfalx0011s0189	0.0	C206	PF00931
super_11	3674010	3682169	Sphfalx0011s0229	0.0	C307	PF04109
super_11	3686833	3695170	Sphfalx0011s0230	0.0	C307	PF04109
super_111	960862	963700	Sphfalx0111s0056	0.0	C285	PF03140
super_111	971085	977314	Sphfalx0111s0057	0.0	C285	PF03140
super_112	782247	783220	Sphfalx0112s0048	0.0	C101	PF00190
super_112	788392	790365	Sphfalx0112s0049	0.0	C101	PF00190
super_114	822564	826597	Sphfalx0114s0050	0.0	C459	PF13976
super_114	822564	826597	Sphfalx0114s0050	0.0	C181	PF00665
super_114	822564	826597	Sphfalx0114s0050	0.0	C489	PF14227
super_114	836293	838554	Sphfalx0114s0051	0.0	C459	PF13976
super_114	836293	838554	Sphfalx0114s0051	0.0	C181	PF00665
super_114	836293	838554	Sphfalx0114s0051	0.0	C489	PF14227
super_114	842905	845661	Sphfalx0114s0052	0.0	C459	PF13976
super_114	842905	845661	Sphfalx0114s0052	0.0	C181	PF00665
super_114	842905	845661	Sphfalx0114s0052	0.0	C489	PF14227
super_114	1005712	1008381	Sphfalx0114s0058	0.0	C460	PF13976
super_114	1005712	1008381	Sphfalx0114s0058	0.0	C180	PF00665
super_114	1010117	1011753	Sphfalx0114s0059	0.0	C460	PF13976
super_114	1010117	1011753	Sphfalx0114s0059	0.0	C180	PF00665
super_115	945460	949460	Sphfalx0115s0072	0.0	C160	PF00565
super_115	958068	962139	Sphfalx0115s0073	0.0	C160	PF00565
super_117	177299	182041	Sphfalx0117s0012	0.0	C45	PF00069
super_117	189963	191618	Sphfalx0117s0013	0.0	C45	PF00069
super_117	389662	393119	Sphfalx0117s0028	0.0	C33	PF00067
super_117	399074	401182	Sphfalx0117s0029	0.0	C33	PF00067
super_119	200466	202519	Sphfalx0119s0017	0.0	C262	PF02496
super_119	209705	211414	Sphfalx0119s0018	0.0	C262	PF02496
super_119	392651	394951	Sphfalx0119s0034	0.0	C132	PF00403
super_119	397879	399332	Sphfalx0119s0035	0.0	C132	PF00403
super_119	415597	417193	Sphfalx0119s0037	0.0	C263	PF02496
super_119	422394	423661	Sphfalx0119s0038	0.0	C263	PF02496
super_12	1942681	1945830	Sphfalx0012s0133	0.0	C266	PF02519
super_12	1946957	1947613	Sphfalx0012s0134	0.0	C266	PF02519
super_12	2955453	2960057	Sphfalx0012s0190	0.0	C423	PF13410
super_12	2955453	2960057	Sphfalx0012s0190	0.0	C422	PF13409
super_12	2961332	2965769	Sphfalx0012s0191	0.0	C423	PF13410
super_12	2961332	2965769	Sphfalx0012s0191	0.0	C422	PF13409
super_124	382220	385568	Sphfalx0124s0027	0.0	C129	PF00400
super_124	390854	393491	Sphfalx0124s0028	0.0	C129	PF00400
super_124	737790	740477	Sphfalx0124s0042	0.0	C465	PF14009
super_124	743927	745606	Sphfalx0124s0043	0.0	C465	PF14009
super_127	283116	285738	Sphfalx0127s0014	0.0	C428	PF13561
super_127	291856	294306	Sphfalx0127s0015	0.0	C428	PF13561
super_127	296375	299047	Sphfalx0127s0016	0.0	C428	PF13561
super_127	406170	408752	Sphfalx0127s0024	0.0	C429	PF13561
super_127	416125	418759	Sphfalx0127s0025	0.0	C429	PF13561
super_127	883192	887994	Sphfalx0127s0058	0.0	C419	PF13371
super_127	888079	892192	Sphfalx0127s0059	0.0	C419	PF13371
super_13	534622	536277	Sphfalx0013s0045	0.0	C464	PF13976
super_13	534622	536277	Sphfalx0013s0045	0.0	C488	PF14227
super_13	543817	545103	Sphfalx0013s0046	0.0	C464	PF13976
super_13	543817	545103	Sphfalx0013s0046	0.0	C488	PF14227
super_13	552020	552505	Sphfalx0013s0047	0.0	C488	PF14227
super_13	554022	556268	Sphfalx0013s0048	0.0	C464	PF13976
super_13	554022	556268	Sphfalx0013s0048	0.0	C488	PF14227
super_13	2344492	2346801	Sphfalx0013s0181	0.0	C117	PF00271
super_13	2344492	2346801	Sphfalx0013s0181	0.0	C116	PF00270
super_13	2348238	2356348	Sphfalx0013s0182	0.0	C117	PF00271
super_13	2348238	2356348	Sphfalx0013s0182	0.0	C116	PF00270
super_13	3586926	3588615	Sphfalx0013s0278	0.0	C108	PF00227
super_13	3598163	3599925	Sphfalx0013s0279	0.0	C108	PF00227
super_130	375069	376268	Sphfalx0130s0031	0.0	C32	PF00067
super_130	384232	386608	Sphfalx0130s0033	0.0	C32	PF00067
super_131	7532	9585	Sphfalx0131s0001	0.0	C254	PF02115
super_131	14108	16346	Sphfalx0131s0002	0.0	C254	PF02115
super_131	752423	753279	Sphfalx0131s0049	0.0	C329	PF05970
super_131	753438	754825	Sphfalx0131s0050	0.0	C329	PF05970
super_132	196625	201059	Sphfalx0132s0010	0.0	C415	PF13041
super_132	201628	205343	Sphfalx0132s0011	0.0	C415	PF13041
super_132	358760	360104	Sphfalx0132s0018	0.0	C31	PF00067
super_132	360137	360625	Sphfalx0132s0019	0.0	C31	PF00067
super_132	493773	496551	Sphfalx0132s0027	0.0	C294	PF03407
super_132	506117	508760	Sphfalx0132s0029	0.0	C294	PF03407
super_132	578192	579748	Sphfalx0132s0032	0.0	C291	PF03254
super_132	584260	587309	Sphfalx0132s0033	0.0	C291	PF03254
super_132	760934	763555	Sphfalx0132s0046	0.0	C93	PF00141
super_132	772657	775108	Sphfalx0132s0047	0.0	C93	PF00141
super_134	871621	873182	Sphfalx0134s0058	0.0	C188	PF00704
super_134	876787	878382	Sphfalx0134s0059	0.0	C188	PF00704
super_137	151204	159445	Sphfalx0137s0007	0.0	C353	PF07714
super_137	159564	160936	Sphfalx0137s0008	0.0	C353	PF07714
super_137	316150	319328	Sphfalx0137s0022	0.0	C436	PF13774
super_137	316150	319328	Sphfalx0137s0022	0.0	C209	PF00957
super_137	320817	324046	Sphfalx0137s0023	0.0	C436	PF13774
super_137	320817	324046	Sphfalx0137s0023	0.0	C209	PF00957
super_139	3597	4712	Sphfalx0139s0002	0.0	C276	PF02992
super_139	4746	7056	Sphfalx0139s0003	0.0	C276	PF02992
super_14	3322300	3328398	Sphfalx0014s0221	0.0	C1	PF00005
super_14	3327843	3336282	Sphfalx0014s0222	0.0	C1	PF00005
super_140	452057	453061	Sphfalx0140s0030	0.0	C313	PF04885
super_140	460749	461243	Sphfalx0140s0032	0.0	C313	PF04885
super_140	463773	464105	Sphfalx0140s0033	0.0	C313	PF04885
super_140	472446	472745	Sphfalx0140s0035	0.0	C313	PF04885
super_140	475087	475563	Sphfalx0140s0036	0.0	C313	PF04885
super_140	478083	478691	Sphfalx0140s0037	0.0	C313	PF04885
super_140	480955	481287	Sphfalx0140s0038	0.0	C313	PF04885
super_140	483844	484356	Sphfalx0140s0039	0.0	C313	PF04885
super_140	486668	487216	Sphfalx0140s0040	0.0	C313	PF04885
super_141	78628	82368	Sphfalx0141s0007	0.0	C250	PF01738
super_141	87750	90441	Sphfalx0141s0008	0.0	C250	PF01738
super_141	97864	100470	Sphfalx0141s0009	0.0	C250	PF01738
super_141	658445	670103	Sphfalx0141s0057	0.0	C347	PF07714
super_141	670860	674517	Sphfalx0141s0058	0.0	C347	PF07714
super_144	170107	172304	Sphfalx0144s0016	0.0	C441	PF13911
super_144	175626	178978	Sphfalx0144s0017	0.0	C441	PF13911
super_145	781401	786838	Sphfalx0145s0058	0.0	C487	PF14227
super_145	794567	795628	Sphfalx0145s0059	0.0	C487	PF14227
super_146	220150	222134	Sphfalx0146s0006	0.0	C386	PF08423
super_146	223244	226178	Sphfalx0146s0007	0.0	C386	PF08423
super_146	340670	347597	Sphfalx0146s0018	0.0	C44	PF00069
super_146	349947	353400	Sphfalx0146s0019	0.0	C44	PF00069
super_146	531941	539316	Sphfalx0146s0035	0.0	C43	PF00069
super_146	541280	548611	Sphfalx0146s0037	0.0	C357	PF07714
super_146	541280	548611	Sphfalx0146s0037	0.0	C43	PF00069
super_146	550272	551595	Sphfalx0146s0038	0.0	C357	PF07714
super_146	552038	554270	Sphfalx0146s0039	0.0	C357	PF07714
super_147	477930	478868	Sphfalx0147s0029	0.0	C486	PF14227
super_147	484341	486918	Sphfalx0147s0030	0.0	C486	PF14227
super_147	489226	490469	Sphfalx0147s0031	0.0	C486	PF14227
super_147	497371	498735	Sphfalx0147s0032	0.0	C486	PF14227
super_15	276634	281810	Sphfalx0015s0013	0.0	C237	PF01535
super_15	276634	281810	Sphfalx0015s0013	0.0	C414	PF13041
super_15	282966	286562	Sphfalx0015s0014	0.0	C237	PF01535
super_15	282966	286562	Sphfalx0015s0014	0.0	C414	PF13041
super_15	646404	648134	Sphfalx0015s0047	0.0	C264	PF02496
super_15	657452	659222	Sphfalx0015s0050	0.0	C264	PF02496
super_15	723182	724916	Sphfalx0015s0057	0.0	C265	PF02496
super_15	729470	731136	Sphfalx0015s0058	0.0	C265	PF02496
super_15	2284410	2285551	Sphfalx0015s0178	0.0	C308	PF04525
super_15	2285699	2287463	Sphfalx0015s0179	0.0	C308	PF04525
super_151	725750	726651	Sphfalx0151s0054	0.0	C340	PF07367
super_151	733786	734668	Sphfalx0151s0055	0.0	C340	PF07367
super_152	27332	28680	Sphfalx0152s0002	0.0	C205	PF00931
super_152	33812	38476	Sphfalx0152s0004	0.0	C205	PF00931
super_152	39720	44923	Sphfalx0152s0005	0.0	C205	PF00931
super_152	148671	150632	Sphfalx0152s0013	0.0	C356	PF07714
super_152	157370	163278	Sphfalx0152s0014	0.0	C356	PF07714
super_152	163647	167227	Sphfalx0152s0015	0.0	C356	PF07714
super_152	187900	189495	Sphfalx0152s0017	0.0	C355	PF07714
super_152	192952	195990	Sphfalx0152s0019	0.0	C355	PF07714
super_154	264563	268302	Sphfalx0154s0017	0.0	C430	PF13561
super_154	274662	278153	Sphfalx0154s0018	0.0	C430	PF13561
super_154	667539	669903	Sphfalx0154s0050	0.0	C92	PF00141
super_154	673179	675416	Sphfalx0154s0051	0.0	C92	PF00141
super_154	678084	679204	Sphfalx0154s0052	0.0	C92	PF00141
super_154	683131	685622	Sphfalx0154s0053	0.0	C92	PF00141
super_154	689997	691116	Sphfalx0154s0054	0.0	C92	PF00141
super_156	629591	633109	Sphfalx0156s0052	0.0	C275	PF02984
super_156	629591	633109	Sphfalx0156s0052	0.0	C89	PF00134
super_156	637957	641178	Sphfalx0156s0055	0.0	C275	PF02984
super_156	637957	641178	Sphfalx0156s0055	0.0	C89	PF00134
super_158	399022	403542	Sphfalx0158s0033	0.0	C78	PF00098
super_158	399022	403542	Sphfalx0158s0033	0.0	C298	PF03732
super_158	412015	412773	Sphfalx0158s0034	0.0	C78	PF00098
super_158	412015	412773	Sphfalx0158s0034	0.0	C298	PF03732
super_158	644259	647847	Sphfalx0158s0051	0.0	C336	PF06955
super_158	644259	647847	Sphfalx0158s0051	0.0	C192	PF00722
super_158	656973	659537	Sphfalx0158s0052	0.0	C336	PF06955
super_158	656973	659537	Sphfalx0158s0052	0.0	C192	PF00722
super_16	410972	416111	Sphfalx0016s0024	0.0	C301	PF03951
super_16	410972	416111	Sphfalx0016s0024	0.0	C86	PF00120
super_16	424631	429027	Sphfalx0016s0025	0.0	C301	PF03951
super_16	424631	429027	Sphfalx0016s0025	0.0	C86	PF00120
super_16	1817734	1821180	Sphfalx0016s0143	0.0	C314	PF05018
super_16	1823852	1825714	Sphfalx0016s0144	0.0	C314	PF05018
super_16	2241357	2243001	Sphfalx0016s0172	0.0	C251	PF01780
super_16	2244499	2245563	Sphfalx0016s0173	0.0	C251	PF01780
super_16	2399574	2402724	Sphfalx0016s0190	0.0	C30	PF00067
super_16	2405560	2407232	Sphfalx0016s0191	0.0	C299	PF03807
super_16	2408517	2411321	Sphfalx0016s0192	0.0	C30	PF00067
super_16	2412733	2414546	Sphfalx0016s0193	0.0	C299	PF03807
super_16	2860375	2862853	Sphfalx0016s0225	0.0	C98	PF00164
super_16	2863692	2866037	Sphfalx0016s0226	0.0	C98	PF00164
super_16	3043226	3052921	Sphfalx0016s0241	0.0	C48	PF00069
super_16	3062607	3074631	Sphfalx0016s0242	0.0	C48	PF00069
super_16	3223631	3228848	Sphfalx0016s0250	0.0	C281	PF03055
super_16	3229989	3232278	Sphfalx0016s0251	0.0	C281	PF03055
super_16	3236436	3243538	Sphfalx0016s0253	0.0	C281	PF03055
super_160	357055	360480	Sphfalx0160s0013	0.0	C179	PF00665
super_160	357055	360480	Sphfalx0160s0013	0.0	C397	PF09337
super_160	357055	360480	Sphfalx0160s0013	0.0	C59	PF00078
super_160	362078	369309	Sphfalx0160s0014	0.0	C397	PF09337
super_160	362078	369309	Sphfalx0160s0014	0.0	C179	PF00665
super_160	362078	369309	Sphfalx0160s0014	0.0	C59	PF00078
super_161	152943	154953	Sphfalx0161s0006	0.0	C304	PF03953
super_161	152943	154953	Sphfalx0161s0006	0.0	C65	PF00091
super_161	163982	165878	Sphfalx0161s0007	0.0	C304	PF03953
super_161	163982	165878	Sphfalx0161s0007	0.0	C65	PF00091
super_161	528005	528487	Sphfalx0161s0033	0.0	C332	PF05970
super_161	528674	531855	Sphfalx0161s0034	0.0	C332	PF05970
super_163	89719	92918	Sphfalx0163s0007	0.0	C269	PF02798
super_163	89719	92918	Sphfalx0163s0007	0.0	C13	PF00043
super_163	98064	100405	Sphfalx0163s0009	0.0	C13	PF00043
super_163	98064	100405	Sphfalx0163s0009	0.0	C269	PF02798
super_163	103726	105158	Sphfalx0163s0010	0.0	C13	PF00043
super_164	304435	306036	Sphfalx0164s0017	0.0	C325	PF05938
super_164	312263	312697	Sphfalx0164s0018	0.0	C325	PF05938
super_164	315373	315834	Sphfalx0164s0019	0.0	C325	PF05938
super_164	484233	486848	Sphfalx0164s0031	0.0	C401	PF12695
super_164	494303	496876	Sphfalx0164s0033	0.0	C401	PF12695
super_167	241529	242856	Sphfalx0167s0018	0.0	C29	PF00067
super_167	244089	245252	Sphfalx0167s0019	0.0	C29	PF00067
super_167	531276	533571	Sphfalx0167s0038	0.0	C154	PF00538
super_167	534489	536215	Sphfalx0167s0039	0.0	C154	PF00538
super_168	521878	523040	Sphfalx0168s0033	0.0	C204	PF00931
super_168	529275	538711	Sphfalx0168s0034	0.0	C204	PF00931
super_169	181482	182156	Sphfalx0169s0008	0.0	C292	PF03330
super_169	185916	187385	Sphfalx0169s0009	0.0	C292	PF03330
super_169	191446	193382	Sphfalx0169s0010	0.0	C292	PF03330
super_169	506564	508155	Sphfalx0169s0038	0.0	C107	PF00227
super_169	508383	509574	Sphfalx0169s0039	0.0	C107	PF00227
super_17	1041451	1043887	Sphfalx0017s0060	0.0	C42	PF00069
super_17	1048557	1052137	Sphfalx0017s0061	0.0	C42	PF00069
super_17	2151010	2152991	Sphfalx0017s0132	0.0	C309	PF04525
super_17	2155623	2157300	Sphfalx0017s0133	0.0	C309	PF04525
super_170	585699	592782	Sphfalx0170s0044	0.0	C437	PF13833
super_170	596647	599836	Sphfalx0170s0045	0.0	C437	PF13833
super_173	228412	231854	Sphfalx0173s0022	0.0	C261	PF02485
super_173	235668	236940	Sphfalx0173s0023	0.0	C261	PF02485
super_173	353800	356120	Sphfalx0173s0033	0.0	C499	PF14476
super_173	363379	365294	Sphfalx0173s0035	0.0	C499	PF14476
super_173	442205	442797	Sphfalx0173s0044	0.0	C500	PF14476
super_173	449186	451472	Sphfalx0173s0046	0.0	C500	PF14476
super_174	479878	480462	Sphfalx0174s0013	0.0	C327	PF05970
super_174	480523	483064	Sphfalx0174s0014	0.0	C327	PF05970
super_175	5497	6087	Sphfalx0175s0001	0.0	C481	PF14227
super_175	7247	9292	Sphfalx0175s0002	0.0	C481	PF14227
super_175	18640	19068	Sphfalx0175s0003	0.0	C445	PF13961
super_175	22967	23887	Sphfalx0175s0004	0.0	C445	PF13961
super_176	566101	566772	Sphfalx0176s0038	0.0	C372	PF07883
super_176	571287	571958	Sphfalx0176s0039	0.0	C372	PF07883
super_176	583601	584682	Sphfalx0176s0041	0.0	C371	PF07883
super_176	587580	589494	Sphfalx0176s0042	0.0	C371	PF07883
super_177	487227	492949	Sphfalx0177s0035	0.0	C215	PF01070
super_177	495327	499338	Sphfalx0177s0036	0.0	C215	PF01070
super_18	1467350	1469918	Sphfalx0018s0113	0.0	C216	PF01112
super_18	1469919	1472582	Sphfalx0018s0114	0.0	C216	PF01112
super_180	9965	11556	Sphfalx0180s0001	0.0	C207	PF00931
super_180	16920	20687	Sphfalx0180s0002	0.0	C207	PF00931
super_180	572344	574760	Sphfalx0180s0039	0.0	C382	PF08263
super_180	576534	578553	Sphfalx0180s0040	0.0	C382	PF08263
super_181	460324	461253	Sphfalx0181s0044	0.0	C354	PF07714
super_181	468112	478436	Sphfalx0181s0045	0.0	C354	PF07714
super_181	532907	534716	Sphfalx0181s0049	0.0	C369	PF07883
super_181	540306	541527	Sphfalx0181s0050	0.0	C369	PF07883
super_181	551122	552002	Sphfalx0181s0051	0.0	C369	PF07883
super_182	522051	523640	Sphfalx0182s0025	0.0	C326	PF05970
super_182	523700	528326	Sphfalx0182s0026	0.0	C326	PF05970
super_185	1143	4300	Sphfalx0185s0001	0.0	C473	PF14227
super_185	11372	12311	Sphfalx0185s0002	0.0	C473	PF14227
super_185	24680	25411	Sphfalx0185s0003	0.0	C77	PF00098
super_185	24680	25411	Sphfalx0185s0003	0.0	C485	PF14227
super_185	27827	29225	Sphfalx0185s0004	0.0	C77	PF00098
super_185	27827	29225	Sphfalx0185s0004	0.0	C485	PF14227
super_185	30630	33527	Sphfalx0185s0005	0.0	C77	PF00098
super_185	30630	33527	Sphfalx0185s0005	0.0	C462	PF13976
super_185	30630	33527	Sphfalx0185s0005	0.0	C485	PF14227
super_185	34493	35899	Sphfalx0185s0006	0.0	C77	PF00098
super_185	34493	35899	Sphfalx0185s0006	0.0	C462	PF13976
super_187	222981	224838	Sphfalx0187s0021	0.0	C28	PF00067
super_187	227623	231450	Sphfalx0187s0022	0.0	C28	PF00067
super_188	193653	194893	Sphfalx0188s0008	0.0	C484	PF14227
super_188	197305	200928	Sphfalx0188s0009	0.0	C463	PF13976
super_188	197305	200928	Sphfalx0188s0009	0.0	C484	PF14227
super_188	197305	200928	Sphfalx0188s0009	0.0	C176	PF00665
super_188	203741	206151	Sphfalx0188s0010	0.0	C76	PF00098
super_188	203741	206151	Sphfalx0188s0010	0.0	C484	PF14227
super_188	207378	209441	Sphfalx0188s0011	0.0	C76	PF00098
super_188	207378	209441	Sphfalx0188s0011	0.0	C463	PF13976
super_188	207378	209441	Sphfalx0188s0011	0.0	C176	PF00665
super_188	207378	209441	Sphfalx0188s0011	0.0	C484	PF14227
super_189	137108	143561	Sphfalx0189s0010	0.0	C159	PF00560
super_189	137108	143561	Sphfalx0189s0010	0.0	C407	PF12799
super_189	145149	149792	Sphfalx0189s0011	0.0	C159	PF00560
super_189	145149	149792	Sphfalx0189s0011	0.0	C407	PF12799
super_19	447029	450929	Sphfalx0019s0026	0.0	C104	PF00201
super_19	455341	458794	Sphfalx0019s0027	0.0	C104	PF00201
super_19	467225	471014	Sphfalx0019s0028	0.0	C104	PF00201
super_19	474721	478700	Sphfalx0019s0029	0.0	C104	PF00201
super_19	1342686	1344544	Sphfalx0019s0076	0.0	C102	PF00190
super_19	1353466	1355353	Sphfalx0019s0078	0.0	C102	PF00190
super_19	1363079	1364695	Sphfalx0019s0079	0.0	C102	PF00190
super_19	2810796	2813594	Sphfalx0019s0164	0.0	C75	PF00098
super_19	2810796	2813594	Sphfalx0019s0164	0.0	C396	PF09337
super_19	2810796	2813594	Sphfalx0019s0164	0.0	C434	PF13650
super_19	2810796	2813594	Sphfalx0019s0164	0.0	C61	PF00078
super_19	2818859	2822574	Sphfalx0019s0165	0.0	C75	PF00098
super_19	2818859	2822574	Sphfalx0019s0165	0.0	C434	PF13650
super_19	2818859	2822574	Sphfalx0019s0165	0.0	C396	PF09337
super_19	2818859	2822574	Sphfalx0019s0165	0.0	C61	PF00078
super_190	438498	439640	Sphfalx0190s0024	0.0	C96	PF00153
super_190	449423	453554	Sphfalx0190s0027	0.0	C96	PF00153
super_192	370505	372719	Sphfalx0192s0026	0.0	C155	PF00538
super_192	374677	377398	Sphfalx0192s0027	0.0	C155	PF00538
super_193	486923	489481	Sphfalx0193s0034	0.0	C400	PF12296
super_193	498250	500454	Sphfalx0193s0035	0.0	C400	PF12296
super_194	262627	270100	Sphfalx0194s0022	0.0	C202	PF00931
super_194	280023	280926	Sphfalx0194s0024	0.0	C202	PF00931
super_196	126540	131035	Sphfalx0196s0008	0.0	C27	PF00067
super_196	131910	136142	Sphfalx0196s0009	0.0	C27	PF00067
super_196	451536	453502	Sphfalx0196s0032	0.0	C103	PF00190
super_196	457202	458851	Sphfalx0196s0033	0.0	C103	PF00190
super_2	262978	266472	Sphfalx0002s0019	0.0	C495	PF14416
super_2	262978	266472	Sphfalx0002s0019	0.0	C438	PF13839
super_2	274657	278053	Sphfalx0002s0021	0.0	C495	PF14416
super_2	274657	278053	Sphfalx0002s0021	0.0	C438	PF13839
super_2	690838	692208	Sphfalx0002s0052	0.0	C94	PF00141
super_2	699575	702157	Sphfalx0002s0054	0.0	C94	PF00141
super_2	864183	865785	Sphfalx0002s0070	0.0	C393	PF09265
super_2	865983	868201	Sphfalx0002s0071	0.0	C393	PF09265
super_2	3049221	3057046	Sphfalx0002s0199	0.0	C49	PF00076
super_2	3058388	3070868	Sphfalx0002s0200	0.0	C49	PF00076
super_2	4696018	4698866	Sphfalx0002s0305	0.0	C81	PF00106
super_2	4701865	4705294	Sphfalx0002s0306	0.0	C81	PF00106
super_20	1546812	1549032	Sphfalx0020s0122	0.0	C227	PF01423
super_20	1550523	1552424	Sphfalx0020s0123	0.0	C227	PF01423
super_20	1575508	1578925	Sphfalx0020s0125	0.0	C403	PF12697
super_20	1579611	1586199	Sphfalx0020s0126	0.0	C403	PF12697
super_20	2904100	2905157	Sphfalx0020s0221	0.0	C361	PF07714
super_20	2905217	2906030	Sphfalx0020s0222	0.0	C361	PF07714
super_20	2996733	2999689	Sphfalx0020s0229	0.0	C388	PF08477
super_20	3006957	3008879	Sphfalx0020s0230	0.0	C388	PF08477
super_205	208651	210921	Sphfalx0205s0013	0.0	C80	PF00098
super_205	208651	210921	Sphfalx0205s0013	0.0	C483	PF14227
super_205	213063	214157	Sphfalx0205s0014	0.0	C80	PF00098
super_205	213063	214157	Sphfalx0205s0014	0.0	C483	PF14227
super_206	9502	10383	Sphfalx0206s0002	0.0	C111	PF00248
super_206	10970	13079	Sphfalx0206s0003	0.0	C111	PF00248
super_206	19316	21791	Sphfalx0206s0005	0.0	C111	PF00248
super_206	24411	26962	Sphfalx0206s0006	0.0	C111	PF00248
super_206	44701	47324	Sphfalx0206s0009	0.0	C112	PF00248
super_206	49981	52688	Sphfalx0206s0010	0.0	C112	PF00248
super_206	58212	59266	Sphfalx0206s0011	0.0	C112	PF00248
super_206	109299	112096	Sphfalx0206s0014	0.0	C113	PF00248
super_206	115662	118044	Sphfalx0206s0015	0.0	C113	PF00248
super_206	156605	159028	Sphfalx0206s0028	0.0	C114	PF00248
super_206	166339	167912	Sphfalx0206s0029	0.0	C114	PF00248
super_207	95996	97440	Sphfalx0207s0005	0.0	C391	PF08881
super_207	106533	108073	Sphfalx0207s0006	0.0	C391	PF08881
super_207	110235	111721	Sphfalx0207s0007	0.0	C391	PF08881
super_207	124879	125743	Sphfalx0207s0008	0.0	C392	PF08881
super_207	128533	129982	Sphfalx0207s0009	0.0	C392	PF08881
super_207	131674	133011	Sphfalx0207s0010	0.0	C392	PF08881
super_21	159905	161889	Sphfalx0021s0010	0.0	C337	PF06955
super_21	159905	161889	Sphfalx0021s0010	0.0	C190	PF00722
super_21	167363	169692	Sphfalx0021s0011	0.0	C337	PF06955
super_21	167363	169692	Sphfalx0021s0011	0.0	C190	PF00722
super_21	734854	739313	Sphfalx0021s0036	0.0	C178	PF00665
super_21	741299	746341	Sphfalx0021s0037	0.0	C178	PF00665
super_21	2116486	2118208	Sphfalx0021s0132	0.0	C318	PF05078
super_21	2121677	2122402	Sphfalx0021s0133	0.0	C318	PF05078
super_21	2563537	2570037	Sphfalx0021s0161	0.0	C431	PF13561
super_21	2580006	2582713	Sphfalx0021s0162	0.0	C431	PF13561
super_21	2712639	2716960	Sphfalx0021s0170	0.0	C255	PF02136
super_21	2718330	2722339	Sphfalx0021s0171	0.0	C255	PF02136
super_212	13402	16282	Sphfalx0212s0002	0.0	C26	PF00067
super_212	23879	26099	Sphfalx0212s0003	0.0	C26	PF00067
super_216	305098	310438	Sphfalx0216s0028	0.0	C120	PF00305
super_216	318147	322940	Sphfalx0216s0030	0.0	C120	PF00305
super_218	238199	240627	Sphfalx0218s0016	0.0	C133	PF00403
super_218	245616	249103	Sphfalx0218s0018	0.0	C133	PF00403
super_22	1717090	1723809	Sphfalx0022s0103	0.0	C118	PF00271
super_22	1717090	1723809	Sphfalx0022s0103	0.0	C115	PF00270
super_22	1724205	1728804	Sphfalx0022s0104	0.0	C118	PF00271
super_22	1724205	1728804	Sphfalx0022s0104	0.0	C115	PF00270
super_22	2633118	2634928	Sphfalx0022s0171	0.0	C446	PF13962
super_22	2633118	2634928	Sphfalx0022s0171	0.0	C405	PF12796
super_22	2643261	2644766	Sphfalx0022s0172	0.0	C446	PF13962
super_22	2643261	2644766	Sphfalx0022s0172	0.0	C405	PF12796
super_22	2661343	2663542	Sphfalx0022s0173	0.0	C406	PF12796
super_22	2671329	2674548	Sphfalx0022s0174	0.0	C406	PF12796
super_221	384182	387031	Sphfalx0221s0027	0.0	C163	PF00657
super_221	389717	392488	Sphfalx0221s0028	0.0	C163	PF00657
super_223	8757	12300	Sphfalx0223s0001	0.0	C229	PF01453
super_223	12467	12934	Sphfalx0223s0002	0.0	C229	PF01453
super_223	122869	126647	Sphfalx0223s0007	0.0	C230	PF01453
super_223	126729	128626	Sphfalx0223s0008	0.0	C230	PF01453
super_225	319338	320989	Sphfalx0225s0032	0.0	C352	PF07714
super_225	328981	334260	Sphfalx0225s0033	0.0	C352	PF07714
super_225	338532	344997	Sphfalx0225s0034	0.0	C352	PF07714
super_226	2559	3810	Sphfalx0226s0002	0.0	C466	PF14214
super_226	4703	7851	Sphfalx0226s0003	0.0	C466	PF14214
super_23	469946	475631	Sphfalx0023s0028	0.0	C201	PF00931
super_23	484744	485661	Sphfalx0023s0029	0.0	C201	PF00931
super_23	991594	996095	Sphfalx0023s0060	0.0	C34	PF00067
super_23	997036	1000637	Sphfalx0023s0061	0.0	C34	PF00067
super_23	1715874	1716861	Sphfalx0023s0115	0.0	C350	PF07714
super_23	1719941	1723845	Sphfalx0023s0117	0.0	C350	PF07714
super_23	1725186	1729669	Sphfalx0023s0118	0.0	C350	PF07714
super_23	2281469	2283221	Sphfalx0023s0151	0.0	C195	PF00847
super_23	2287424	2289129	Sphfalx0023s0152	0.0	C195	PF00847
super_231	65074	70494	Sphfalx0231s0007	0.0	C150	PF00505
super_231	65074	70494	Sphfalx0231s0007	0.0	C224	PF01388
super_231	71801	75126	Sphfalx0231s0008	0.0	C150	PF00505
super_231	71801	75126	Sphfalx0231s0008	0.0	C224	PF01388
super_234	16316	17146	Sphfalx0234s0006	0.0	C246	PF01578
super_234	17290	19192	Sphfalx0234s0007	0.0	C246	PF01578
super_236	138780	139433	Sphfalx0236s0008	0.0	C370	PF07883
super_236	144293	145792	Sphfalx0236s0009	0.0	C370	PF07883
super_236	245193	247737	Sphfalx0236s0015	0.0	C338	PF07004
super_236	247835	249969	Sphfalx0236s0016	0.0	C338	PF07004
super_238	189659	194941	Sphfalx0238s0023	0.0	C41	PF00069
super_238	202388	208555	Sphfalx0238s0024	0.0	C41	PF00069
super_239	265269	269864	Sphfalx0239s0022	0.0	C302	PF03951
super_239	265269	269864	Sphfalx0239s0022	0.0	C87	PF00120
super_239	278545	283068	Sphfalx0239s0023	0.0	C302	PF03951
super_239	278545	283068	Sphfalx0239s0023	0.0	C87	PF00120
super_24	1103125	1107119	Sphfalx0024s0070	0.0	C187	PF00684
super_24	1103125	1107119	Sphfalx0024s0070	0.0	C105	PF00226
super_24	1103125	1107119	Sphfalx0024s0070	0.0	C244	PF01556
super_24	1108016	1111727	Sphfalx0024s0071	0.0	C187	PF00684
super_24	1108016	1111727	Sphfalx0024s0071	0.0	C105	PF00226
super_24	1108016	1111727	Sphfalx0024s0071	0.0	C244	PF01556
super_24	1329137	1331255	Sphfalx0024s0080	0.0	C126	PF00385
super_24	1340491	1344548	Sphfalx0024s0081	0.0	C126	PF00385
super_24	1387907	1389170	Sphfalx0024s0083	0.0	C413	PF13041
super_24	1387907	1389170	Sphfalx0024s0083	0.0	C496	PF14432
super_24	1398542	1402733	Sphfalx0024s0085	0.0	C496	PF14432
super_24	1398542	1402733	Sphfalx0024s0085	0.0	C413	PF13041
super_24	1429901	1432950	Sphfalx0024s0088	0.0	C235	PF01494
super_24	1438318	1442391	Sphfalx0024s0089	0.0	C235	PF01494
super_241	95809	99859	Sphfalx0241s0007	0.0	C456	PF13976
super_241	95809	99859	Sphfalx0241s0007	0.0	C177	PF00665
super_241	95809	99859	Sphfalx0241s0007	0.0	C482	PF14227
super_241	95809	99859	Sphfalx0241s0007	0.0	C362	PF07727
super_241	101778	105154	Sphfalx0241s0008	0.0	C177	PF00665
super_241	101778	105154	Sphfalx0241s0008	0.0	C456	PF13976
super_241	101778	105154	Sphfalx0241s0008	0.0	C482	PF14227
super_241	101778	105154	Sphfalx0241s0008	0.0	C362	PF07727
super_241	119847	121580	Sphfalx0241s0009	0.0	C186	PF00665
super_241	119847	121580	Sphfalx0241s0009	0.0	C458	PF13976
super_241	119847	121580	Sphfalx0241s0009	0.0	C492	PF14227
super_241	129857	131989	Sphfalx0241s0010	0.0	C458	PF13976
super_241	129857	131989	Sphfalx0241s0010	0.0	C186	PF00665
super_241	129857	131989	Sphfalx0241s0010	0.0	C492	PF14227
super_241	169066	171213	Sphfalx0241s0013	0.0	C73	PF00098
super_241	176396	177994	Sphfalx0241s0014	0.0	C73	PF00098
super_242	271379	273804	Sphfalx0242s0021	0.0	C238	PF01535
super_242	271379	273804	Sphfalx0242s0021	0.0	C412	PF13041
super_242	277552	281493	Sphfalx0242s0022	0.0	C238	PF01535
super_242	277552	281493	Sphfalx0242s0022	0.0	C412	PF13041
super_242	285398	292718	Sphfalx0242s0023	0.0	C256	PF02212
super_242	285398	292718	Sphfalx0242s0023	0.0	C121	PF00350
super_242	285398	292718	Sphfalx0242s0023	0.0	C210	PF01031
super_242	294786	308857	Sphfalx0242s0024	0.0	C256	PF02212
super_242	294786	308857	Sphfalx0242s0024	0.0	C210	PF01031
super_242	294786	308857	Sphfalx0242s0024	0.0	C121	PF00350
super_243	9274	11178	Sphfalx0243s0001	0.0	C267	PF02519
super_243	12877	13359	Sphfalx0243s0002	0.0	C267	PF02519
super_245	258125	268066	Sphfalx0245s0020	0.0	C381	PF08263
super_245	258125	268066	Sphfalx0245s0020	0.0	C40	PF00069
super_245	273469	284497	Sphfalx0245s0021	0.0	C381	PF08263
super_245	273469	284497	Sphfalx0245s0021	0.0	C40	PF00069
super_25	1898524	1900501	Sphfalx0025s0142	0.0	C7	PF00011
super_25	1901189	1902605	Sphfalx0025s0143	0.0	C7	PF00011
super_25	2817187	2819284	Sphfalx0025s0215	0.0	C377	PF08240
super_25	2817187	2819284	Sphfalx0025s0215	0.0	C82	PF00107
super_25	2822327	2824060	Sphfalx0025s0216	0.0	C377	PF08240
super_25	2822327	2824060	Sphfalx0025s0216	0.0	C82	PF00107
super_251	204267	207842	Sphfalx0251s0013	0.0	C134	PF00403
super_251	215867	217400	Sphfalx0251s0014	0.0	C134	PF00403
super_253	55927	57741	Sphfalx0253s0005	0.0	C24	PF00067
super_253	61587	66027	Sphfalx0253s0006	0.0	C24	PF00067
super_258	5200	7647	Sphfalx0258s0001	0.0	C39	PF00069
super_258	8001	9100	Sphfalx0258s0002	0.0	C39	PF00069
super_26	1579792	1583292	Sphfalx0026s0105	0.0	C50	PF00076
super_26	1584870	1586475	Sphfalx0026s0107	0.0	C50	PF00076
super_26	2188550	2192608	Sphfalx0026s0153	0.0	C152	PF00514
super_26	2200667	2203422	Sphfalx0026s0154	0.0	C152	PF00514
super_26	2306136	2306662	Sphfalx0026s0163	0.0	C239	PF01535
super_26	2306722	2307910	Sphfalx0026s0164	0.0	C239	PF01535
super_261	246023	249783	Sphfalx0261s0014	0.0	C109	PF00230
super_261	258525	262170	Sphfalx0261s0015	0.0	C109	PF00230
super_263	242834	245642	Sphfalx0263s0019	0.0	C424	PF13410
super_263	253129	255681	Sphfalx0263s0020	0.0	C424	PF13410
super_266	112262	116568	Sphfalx0266s0009	0.0	C345	PF07714
super_266	124127	131177	Sphfalx0266s0011	0.0	C345	PF07714
super_27	387126	388533	Sphfalx0027s0028	0.0	C23	PF00067
super_27	388592	389736	Sphfalx0027s0029	0.0	C23	PF00067
super_27	794778	795793	Sphfalx0027s0059	0.0	C373	PF07883
super_27	798542	799305	Sphfalx0027s0060	0.0	C373	PF07883
super_271	60387	62556	Sphfalx0271s0006	0.0	C341	PF07367
super_271	68132	68554	Sphfalx0271s0007	0.0	C341	PF07367
super_279	71261	74844	Sphfalx0279s0004	0.0	C506	PF16916
super_279	71261	74844	Sphfalx0279s0004	0.0	C243	PF01545
super_279	76674	80649	Sphfalx0279s0005	0.0	C506	PF16916
super_279	76674	80649	Sphfalx0279s0005	0.0	C243	PF01545
super_28	1336153	1339986	Sphfalx0028s0095	0.0	C51	PF00076
super_28	1336153	1339986	Sphfalx0028s0095	0.0	C162	PF00641
super_28	1343240	1345364	Sphfalx0028s0097	0.0	C162	PF00641
super_28	1343240	1345364	Sphfalx0028s0097	0.0	C51	PF00076
super_28	2290892	2294480	Sphfalx0028s0166	0.0	C342	PF07690
super_28	2301647	2306510	Sphfalx0028s0168	0.0	C342	PF07690
super_281	211818	215739	Sphfalx0281s0018	0.0	C385	PF08417
super_281	217430	221689	Sphfalx0281s0019	0.0	C385	PF08417
super_282	77156	79723	Sphfalx0282s0006	0.0	C74	PF00098
super_282	77156	79723	Sphfalx0282s0006	0.0	C454	PF13976
super_282	77156	79723	Sphfalx0282s0006	0.0	C175	PF00665
super_282	77156	79723	Sphfalx0282s0006	0.0	C480	PF14227
super_282	80808	81296	Sphfalx0282s0007	0.0	C480	PF14227
super_282	84230	86386	Sphfalx0282s0008	0.0	C74	PF00098
super_282	84230	86386	Sphfalx0282s0008	0.0	C454	PF13976
super_282	84230	86386	Sphfalx0282s0008	0.0	C175	PF00665
super_282	87225	90734	Sphfalx0282s0009	0.0	C454	PF13976
super_282	87225	90734	Sphfalx0282s0009	0.0	C480	PF14227
super_283	15240	18033	Sphfalx0283s0001	0.0	C158	PF00560
super_283	27668	39031	Sphfalx0283s0002	0.0	C158	PF00560
super_29	1903295	1907727	Sphfalx0029s0145	0.0	C328	PF05970
super_29	1907821	1908396	Sphfalx0029s0146	0.0	C328	PF05970
super_293	37159	38289	Sphfalx0293s0003	0.0	C390	PF08627
super_293	42699	45020	Sphfalx0293s0004	0.0	C390	PF08627
super_293	155307	159391	Sphfalx0293s0015	0.0	C334	PF06351
super_293	161897	164701	Sphfalx0293s0016	0.0	C334	PF06351
super_293	183651	190224	Sphfalx0293s0019	0.0	C157	PF00560
super_293	183651	190224	Sphfalx0293s0019	0.0	C200	PF00931
super_293	196127	206706	Sphfalx0293s0020	0.0	C157	PF00560
super_293	196127	206706	Sphfalx0293s0020	0.0	C200	PF00931
super_294	197564	203368	Sphfalx0294s0014	0.0	C148	PF00504
super_294	205857	207753	Sphfalx0294s0015	0.0	C148	PF00504
super_295	218717	222462	Sphfalx0295s0013	0.0	C443	PF13961
super_295	223790	224164	Sphfalx0295s0014	0.0	C443	PF13961
super_297	81659	83197	Sphfalx0297s0005	0.0	C88	PF00125
super_297	83922	85353	Sphfalx0297s0006	0.0	C88	PF00125
super_3	4388	6601	Sphfalx0003s0001	0.0	C141	PF00407
super_3	15462	17304	Sphfalx0003s0002	0.0	C141	PF00407
super_3	747005	748678	Sphfalx0003s0064	0.0	C143	PF00407
super_3	755987	758042	Sphfalx0003s0065	0.0	C143	PF00407
super_3	2182487	2183935	Sphfalx0003s0169	0.0	C258	PF02458
super_3	2193253	2194623	Sphfalx0003s0170	0.0	C258	PF02458
super_3	2398497	2401136	Sphfalx0003s0189	0.0	C144	PF00464
super_3	2409736	2416087	Sphfalx0003s0191	0.0	C144	PF00464
super_3	3627943	3629563	Sphfalx0003s0267	0.0	C453	PF13976
super_3	3627943	3629563	Sphfalx0003s0267	0.0	C172	PF00665
super_3	3627943	3629563	Sphfalx0003s0267	0.0	C478	PF14227
super_3	3637807	3641496	Sphfalx0003s0268	0.0	C453	PF13976
super_3	3637807	3641496	Sphfalx0003s0268	0.0	C172	PF00665
super_3	3637807	3641496	Sphfalx0003s0268	0.0	C478	PF14227
super_3	3657115	3661135	Sphfalx0003s0269	0.0	C442	PF13961
super_3	3657115	3661135	Sphfalx0003s0269	0.0	C167	PF00665
super_3	3657115	3661135	Sphfalx0003s0269	0.0	C468	PF14227
super_3	3657115	3661135	Sphfalx0003s0269	0.0	C363	PF07727
super_3	3661461	3665478	Sphfalx0003s0270	0.0	C442	PF13961
super_3	3661461	3665478	Sphfalx0003s0270	0.0	C167	PF00665
super_3	3661461	3665478	Sphfalx0003s0270	0.0	C468	PF14227
super_3	3661461	3665478	Sphfalx0003s0270	0.0	C363	PF07727
super_3	4457878	4458905	Sphfalx0003s0320	0.0	C90	PF00141
super_3	4459785	4461502	Sphfalx0003s0321	0.0	C90	PF00141
super_30	289436	291893	Sphfalx0030s0017	0.0	C277	PF02992
super_30	291948	292379	Sphfalx0030s0018	0.0	C277	PF02992
super_30	1237258	1244455	Sphfalx0030s0080	0.0	C249	PF01704
super_30	1244546	1247200	Sphfalx0030s0081	0.0	C249	PF01704
super_30	2259655	2260204	Sphfalx0030s0151	0.0	C494	PF14368
super_30	2269587	2270134	Sphfalx0030s0152	0.0	C494	PF14368
super_30	2285991	2286311	Sphfalx0030s0153	0.0	C493	PF14368
super_30	2287666	2288919	Sphfalx0030s0154	0.0	C493	PF14368
super_300	162861	164261	Sphfalx0300s0010	0.0	C344	PF07714
super_300	168931	170751	Sphfalx0300s0011	0.0	C344	PF07714
super_302	207937	209208	Sphfalx0302s0011	0.0	C470	PF14227
super_302	211037	212869	Sphfalx0302s0012	0.0	C455	PF13976
super_302	211037	212869	Sphfalx0302s0012	0.0	C168	PF00665
super_302	211037	212869	Sphfalx0302s0012	0.0	C470	PF14227
super_302	214909	217845	Sphfalx0302s0013	0.0	C455	PF13976
super_302	214909	217845	Sphfalx0302s0013	0.0	C168	PF00665
super_305	72149	73224	Sphfalx0305s0005	0.0	C247	PF01680
super_305	73722	74800	Sphfalx0305s0006	0.0	C247	PF01680
super_307	173283	175334	Sphfalx0307s0010	0.0	C67	PF00097
super_307	178167	180197	Sphfalx0307s0011	0.0	C67	PF00097
super_308	8990	9436	Sphfalx0308s0001	0.0	C22	PF00067
super_308	9495	12736	Sphfalx0308s0002	0.0	C22	PF00067
super_308	17344	22020	Sphfalx0308s0003	0.0	C22	PF00067
super_31	920362	926159	Sphfalx0031s0064	0.0	C234	PF01494
super_31	928828	934390	Sphfalx0031s0065	0.0	C234	PF01494
super_31	1901804	1904223	Sphfalx0031s0128	0.0	C346	PF07714
super_31	1908941	1910862	Sphfalx0031s0129	0.0	C346	PF07714
super_310	41208	46829	Sphfalx0310s0002	0.0	C25	PF00067
super_310	52131	59329	Sphfalx0310s0003	0.0	C25	PF00067
super_314	47705	48659	Sphfalx0314s0005	0.0	C278	PF03018
super_314	55062	56108	Sphfalx0314s0006	0.0	C278	PF03018
super_314	62422	64270	Sphfalx0314s0007	0.0	C278	PF03018
super_314	93676	94220	Sphfalx0314s0009	0.0	C279	PF03018
super_314	100095	100904	Sphfalx0314s0010	0.0	C279	PF03018
super_314	121881	123005	Sphfalx0314s0011	0.0	C280	PF03018
super_314	130868	132083	Sphfalx0314s0012	0.0	C280	PF03018
super_322	143231	148113	Sphfalx0322s0012	0.0	C351	PF07714
super_322	143231	148113	Sphfalx0322s0012	0.0	C145	PF00481
super_322	157247	160656	Sphfalx0322s0013	0.0	C351	PF07714
super_322	157247	160656	Sphfalx0322s0013	0.0	C145	PF00481
super_325	9510	11983	Sphfalx0325s0002	0.0	C317	PF05057
super_325	16535	20651	Sphfalx0325s0003	0.0	C317	PF05057
super_327	20716	22375	Sphfalx0327s0002	0.0	C140	PF00407
super_327	28495	30553	Sphfalx0327s0003	0.0	C140	PF00407
super_337	17453	20040	Sphfalx0337s0004	0.0	C395	PF09337
super_337	17453	20040	Sphfalx0337s0004	0.0	C57	PF00078
super_337	27380	29968	Sphfalx0337s0005	0.0	C395	PF09337
super_337	27380	29968	Sphfalx0337s0005	0.0	C125	PF00385
super_337	27380	29968	Sphfalx0337s0005	0.0	C57	PF00078
super_337	32248	36056	Sphfalx0337s0006	0.0	C125	PF00385
super_34	1187880	1189788	Sphfalx0034s0091	0.0	C139	PF00407
super_34	1192008	1193940	Sphfalx0034s0092	0.0	C139	PF00407
super_34	2472832	2475578	Sphfalx0034s0187	0.0	C68	PF00098
super_34	2472832	2475578	Sphfalx0034s0187	0.0	C471	PF14227
super_34	2472832	2475578	Sphfalx0034s0187	0.0	C169	PF00665
super_34	2475479	2477827	Sphfalx0034s0188	0.0	C68	PF00098
super_34	2475479	2477827	Sphfalx0034s0188	0.0	C169	PF00665
super_34	2475479	2477827	Sphfalx0034s0188	0.0	C471	PF14227
super_35	204911	205427	Sphfalx0035s0023	0.0	C331	PF05970
super_35	205545	209274	Sphfalx0035s0024	0.0	C331	PF05970
super_35	1459105	1461157	Sphfalx0035s0094	0.0	C305	PF03953
super_35	1459105	1461157	Sphfalx0035s0094	0.0	C66	PF00091
super_35	1468414	1470406	Sphfalx0035s0095	0.0	C305	PF03953
super_35	1468414	1470406	Sphfalx0035s0095	0.0	C66	PF00091
super_351	17690	19329	Sphfalx0351s0002	0.0	C203	PF00931
super_351	19331	20922	Sphfalx0351s0003	0.0	C203	PF00931
super_351	22270	24679	Sphfalx0351s0005	0.0	C203	PF00931
super_359	72381	75079	Sphfalx0359s0010	0.0	C123	PF00361
super_359	75097	77085	Sphfalx0359s0011	0.0	C123	PF00361
super_36	118389	122108	Sphfalx0036s0007	0.0	C259	PF02469
super_36	130211	134373	Sphfalx0036s0008	0.0	C259	PF02469
super_362	1715	3780	Sphfalx0362s0001	0.0	C21	PF00067
super_362	12135	13921	Sphfalx0362s0002	0.0	C21	PF00067
super_362	81118	84411	Sphfalx0362s0005	0.0	C233	PF01490
super_362	85900	87688	Sphfalx0362s0006	0.0	C233	PF01490
super_362	93693	97520	Sphfalx0362s0007	0.0	C233	PF01490
super_37	672195	674467	Sphfalx0037s0036	0.0	C38	PF00069
super_37	681856	683559	Sphfalx0037s0037	0.0	C38	PF00069
super_37	794762	797395	Sphfalx0037s0045	0.0	C467	PF14226
super_37	794762	797395	Sphfalx0037s0045	0.0	C289	PF03171
super_37	801125	803981	Sphfalx0037s0046	0.0	C467	PF14226
super_37	801125	803981	Sphfalx0037s0046	0.0	C289	PF03171
super_38	376536	379407	Sphfalx0038s0020	0.0	C222	PF01370
super_38	388626	391509	Sphfalx0038s0021	0.0	C222	PF01370
super_38	405733	408891	Sphfalx0038s0022	0.0	C223	PF01370
super_38	417716	421296	Sphfalx0038s0024	0.0	C223	PF01370
super_38	427636	431184	Sphfalx0038s0025	0.0	C223	PF01370
super_38	1440101	1441802	Sphfalx0038s0080	0.0	C149	PF00504
super_38	1447949	1449374	Sphfalx0038s0081	0.0	C149	PF00504
super_382	35817	40556	Sphfalx0382s0006	0.0	C225	PF01419
super_382	43210	49500	Sphfalx0382s0007	0.0	C225	PF01419
super_386	54136	55681	Sphfalx0386s0001	0.0	C505	PF15491
super_386	55682	56707	Sphfalx0386s0002	0.0	C505	PF15491
super_386	87227	90410	Sphfalx0386s0005	0.0	C72	PF00098
super_386	87227	90410	Sphfalx0386s0005	0.0	C452	PF13976
super_386	87227	90410	Sphfalx0386s0005	0.0	C469	PF14227
super_386	90621	94679	Sphfalx0386s0006	0.0	C72	PF00098
super_386	90621	94679	Sphfalx0386s0006	0.0	C452	PF13976
super_386	90621	94679	Sphfalx0386s0006	0.0	C469	PF14227
super_39	13	972	Sphfalx0039s0001	0.0	C282	PF03080
super_39	10393	13005	Sphfalx0039s0002	0.0	C282	PF03080
super_39	731499	735453	Sphfalx0039s0049	0.0	C253	PF01926
super_39	742033	743546	Sphfalx0039s0050	0.0	C253	PF01926
super_39	2167254	2171774	Sphfalx0039s0140	0.0	C306	PF04057
super_39	2173565	2175705	Sphfalx0039s0141	0.0	C306	PF04057
super_391	531	2168	Sphfalx0391s0001	0.0	C71	PF00098
super_391	531	2168	Sphfalx0391s0001	0.0	C451	PF13976
super_391	531	2168	Sphfalx0391s0001	0.0	C472	PF14227
super_391	11625	12922	Sphfalx0391s0002	0.0	C71	PF00098
super_391	11625	12922	Sphfalx0391s0002	0.0	C451	PF13976
super_391	11625	12922	Sphfalx0391s0002	0.0	C472	PF14227
super_4	800191	806092	Sphfalx0004s0051	0.0	C2	PF00005
super_4	800191	806092	Sphfalx0004s0051	0.0	C213	PF01061
super_4	813944	826668	Sphfalx0004s0052	0.0	C2	PF00005
super_4	813944	826668	Sphfalx0004s0052	0.0	C213	PF01061
super_4	3676105	3681070	Sphfalx0004s0236	0.0	C425	PF13414
super_4	3683639	3685690	Sphfalx0004s0237	0.0	C425	PF13414
super_4	3810000	3814680	Sphfalx0004s0250	0.0	C343	PF07690
super_4	3820486	3824326	Sphfalx0004s0251	0.0	C343	PF07690
super_4	5421264	5427150	Sphfalx0004s0375	0.0	C323	PF05922
super_4	5421264	5427150	Sphfalx0004s0375	0.0	C63	PF00082
super_4	5429950	5435821	Sphfalx0004s0376	0.0	C323	PF05922
super_4	5429950	5435821	Sphfalx0004s0376	0.0	C63	PF00082
super_40	133791	136363	Sphfalx0040s0016	0.0	C387	PF08450
super_40	145619	148183	Sphfalx0040s0017	0.0	C387	PF08450
super_40	401531	413278	Sphfalx0040s0041	0.0	C503	PF14510
super_40	401531	413278	Sphfalx0040s0041	0.0	C383	PF08370
super_40	401531	413278	Sphfalx0040s0041	0.0	C3	PF00005
super_40	401531	413278	Sphfalx0040s0041	0.0	C214	PF01061
super_40	417261	427795	Sphfalx0040s0042	0.0	C503	PF14510
super_40	417261	427795	Sphfalx0040s0042	0.0	C383	PF08370
super_40	417261	427795	Sphfalx0040s0042	0.0	C3	PF00005
super_40	417261	427795	Sphfalx0040s0042	0.0	C214	PF01061
super_40	1187873	1196714	Sphfalx0040s0102	0.0	C389	PF08513
super_40	1202561	1204332	Sphfalx0040s0104	0.0	C389	PF08513
super_41	583749	596354	Sphfalx0041s0026	0.0	C504	PF14510
super_41	583749	596354	Sphfalx0041s0026	0.0	C384	PF08370
super_41	583749	596354	Sphfalx0041s0026	0.0	C4	PF00005
super_41	583749	596354	Sphfalx0041s0026	0.0	C212	PF01061
super_41	597219	609109	Sphfalx0041s0027	0.0	C504	PF14510
super_41	597219	609109	Sphfalx0041s0027	0.0	C384	PF08370
super_41	597219	609109	Sphfalx0041s0027	0.0	C4	PF00005
super_41	597219	609109	Sphfalx0041s0027	0.0	C212	PF01061
super_411	13	1336	Sphfalx0411s0001	0.0	C497	PF14432
super_411	13	1336	Sphfalx0411s0001	0.0	C411	PF13041
super_411	13	1336	Sphfalx0411s0001	0.0	C240	PF01535
super_411	2106	5303	Sphfalx0411s0002	0.0	C497	PF14432
super_411	2106	5303	Sphfalx0411s0002	0.0	C240	PF01535
super_411	2106	5303	Sphfalx0411s0002	0.0	C411	PF13041
super_42	996779	998432	Sphfalx0042s0070	0.0	C20	PF00067
super_42	998606	999610	Sphfalx0042s0071	0.0	C20	PF00067
super_43	359437	360510	Sphfalx0043s0027	0.0	C380	PF08263
super_43	365010	366442	Sphfalx0043s0028	0.0	C380	PF08263
super_43	382838	387214	Sphfalx0043s0030	0.0	C402	PF12695
super_43	393214	397175	Sphfalx0043s0031	0.0	C402	PF12695
super_439	49228	51838	Sphfalx0439s0002	0.0	C450	PF13976
super_439	49228	51838	Sphfalx0439s0002	0.0	C479	PF14227
super_439	54816	57253	Sphfalx0439s0003	0.0	C450	PF13976
super_439	54816	57253	Sphfalx0439s0003	0.0	C479	PF14227
super_439	60638	62026	Sphfalx0439s0004	0.0	C479	PF14227
super_439	60638	62026	Sphfalx0439s0004	0.0	C450	PF13976
super_44	2001187	2007926	Sphfalx0044s0139	0.0	C52	PF00076
super_44	2009102	2014423	Sphfalx0044s0140	0.0	C52	PF00076
super_45	67256	70563	Sphfalx0045s0005	0.0	C295	PF03407
super_45	76426	79224	Sphfalx0045s0006	0.0	C295	PF03407
super_450	4495	8638	Sphfalx0450s0002	0.0	C226	PF01419
super_450	4495	8638	Sphfalx0450s0002	0.0	C37	PF00069
super_450	13460	17587	Sphfalx0450s0003	0.0	C226	PF01419
super_450	13460	17587	Sphfalx0450s0003	0.0	C37	PF00069
super_454	5542	7492	Sphfalx0454s0001	0.0	C315	PF05056
super_454	9838	11887	Sphfalx0454s0002	0.0	C315	PF05056
super_46	82439	91563	Sphfalx0046s0007	0.0	C153	PF00515
super_46	82439	91563	Sphfalx0046s0007	0.0	C426	PF13414
super_46	82439	91563	Sphfalx0046s0007	0.0	C95	PF00149
super_46	91810	101146	Sphfalx0046s0008	0.0	C153	PF00515
super_46	91810	101146	Sphfalx0046s0008	0.0	C426	PF13414
super_46	91810	101146	Sphfalx0046s0008	0.0	C95	PF00149
super_46	125071	127744	Sphfalx0046s0010	0.0	C19	PF00067
super_46	136991	139554	Sphfalx0046s0011	0.0	C19	PF00067
super_46	228921	229865	Sphfalx0046s0017	0.0	C410	PF13041
super_46	229947	231392	Sphfalx0046s0018	0.0	C410	PF13041
super_463	40943	43506	Sphfalx0463s0001	0.0	C174	PF00665
super_463	47302	50233	Sphfalx0463s0002	0.0	C174	PF00665
super_464	42523	43845	Sphfalx0464s0003	0.0	C36	PF00069
super_464	44150	50127	Sphfalx0464s0004	0.0	C36	PF00069
super_47	699613	702766	Sphfalx0047s0049	0.0	C286	PF03140
super_47	709992	713569	Sphfalx0047s0050	0.0	C286	PF03140
super_47	781044	784769	Sphfalx0047s0056	0.0	C435	PF13672
super_47	793109	796068	Sphfalx0047s0057	0.0	C435	PF13672
super_48	157569	161526	Sphfalx0048s0009	0.0	C208	PF00933
super_48	157569	161526	Sphfalx0048s0009	0.0	C252	PF01915
super_48	164370	170440	Sphfalx0048s0010	0.0	C208	PF00933
super_48	164370	170440	Sphfalx0048s0010	0.0	C252	PF01915
super_481	1537	9900	Sphfalx0481s0001	0.0	C348	PF07714
super_481	12563	17187	Sphfalx0481s0002	0.0	C348	PF07714
super_483	8370	8937	Sphfalx0483s0001	0.0	C231	PF01453
super_483	9007	12807	Sphfalx0483s0002	0.0	C231	PF01453
super_5	82169	86468	Sphfalx0005s0005	0.0	C394	PF09337
super_5	82169	86468	Sphfalx0005s0005	0.0	C124	PF00385
super_5	82169	86468	Sphfalx0005s0005	0.0	C171	PF00665
super_5	82169	86468	Sphfalx0005s0005	0.0	C55	PF00078
super_5	90913	94437	Sphfalx0005s0006	0.0	C394	PF09337
super_5	90913	94437	Sphfalx0005s0006	0.0	C124	PF00385
super_5	90913	94437	Sphfalx0005s0006	0.0	C171	PF00665
super_5	90913	94437	Sphfalx0005s0006	0.0	C55	PF00078
super_5	1125091	1126905	Sphfalx0005s0074	0.0	C283	PF03083
super_5	1127231	1127827	Sphfalx0005s0075	0.0	C283	PF03083
super_5	2880903	2882729	Sphfalx0005s0200	0.0	C18	PF00067
super_5	2890672	2892496	Sphfalx0005s0202	0.0	C18	PF00067
super_5	3319260	3321415	Sphfalx0005s0230	0.0	C270	PF02798
super_5	3319260	3321415	Sphfalx0005s0230	0.0	C14	PF00043
super_5	3325994	3327626	Sphfalx0005s0231	0.0	C14	PF00043
super_5	3325994	3327626	Sphfalx0005s0231	0.0	C270	PF02798
super_5	3335813	3336723	Sphfalx0005s0232	0.0	C14	PF00043
super_513	12799	14640	Sphfalx0513s0001	0.0	C15	PF00043
super_513	12799	14640	Sphfalx0513s0001	0.0	C271	PF02798
super_513	22979	24786	Sphfalx0513s0002	0.0	C15	PF00043
super_513	22979	24786	Sphfalx0513s0002	0.0	C271	PF02798
super_513	29261	30359	Sphfalx0513s0003	0.0	C15	PF00043
super_52	437298	439436	Sphfalx0052s0033	0.0	C374	PF08100
super_52	437298	439436	Sphfalx0052s0033	0.0	C197	PF00891
super_52	448217	450416	Sphfalx0052s0034	0.0	C374	PF08100
super_52	448217	450416	Sphfalx0052s0034	0.0	C197	PF00891
super_52	1327847	1328907	Sphfalx0052s0088	0.0	C375	PF08100
super_52	1327847	1328907	Sphfalx0052s0088	0.0	C198	PF00891
super_52	1332537	1334902	Sphfalx0052s0089	0.0	C375	PF08100
super_52	1332537	1334902	Sphfalx0052s0089	0.0	C198	PF00891
super_52	1767223	1772678	Sphfalx0052s0117	0.0	C312	PF04833
super_52	1782421	1786839	Sphfalx0052s0118	0.0	C312	PF04833
super_54	500773	502349	Sphfalx0054s0036	0.0	C501	PF14476
super_54	504520	506569	Sphfalx0054s0037	0.0	C501	PF14476
super_54	687169	689020	Sphfalx0054s0050	0.0	C502	PF14476
super_54	694778	696645	Sphfalx0054s0051	0.0	C502	PF14476
super_54	702647	703582	Sphfalx0054s0052	0.0	C502	PF14476
super_54	707997	709361	Sphfalx0054s0053	0.0	C502	PF14476
super_549	3013	6130	Sphfalx0549s0001	0.0	C199	PF00931
super_549	11219	17085	Sphfalx0549s0002	0.0	C199	PF00931
super_55	1632132	1634256	Sphfalx0055s0098	0.0	C241	PF01535
super_55	1632132	1634256	Sphfalx0055s0098	0.0	C409	PF13041
super_55	1634002	1635349	Sphfalx0055s0099	0.0	C241	PF01535
super_55	1634002	1635349	Sphfalx0055s0099	0.0	C409	PF13041
super_553	20791	21320	Sphfalx0553s0001	0.0	C99	PF00179
super_553	21247	22269	Sphfalx0553s0002	0.0	C99	PF00179
super_56	303032	306466	Sphfalx0056s0027	0.0	C161	PF00583
super_56	310081	313220	Sphfalx0056s0028	0.0	C161	PF00583
super_56	1483633	1486267	Sphfalx0056s0108	0.0	C130	PF00400
super_56	1486290	1497429	Sphfalx0056s0109	0.0	C130	PF00400
super_563	552	1040	Sphfalx0563s0001	0.0	C368	PF07883
super_563	7882	8568	Sphfalx0563s0002	0.0	C368	PF07883
super_567	3185	7384	Sphfalx0567s0001	0.0	C447	PF13976
super_567	3185	7384	Sphfalx0567s0001	0.0	C170	PF00665
super_567	7463	7936	Sphfalx0567s0002	0.0	C474	PF14227
super_567	16764	18812	Sphfalx0567s0003	0.0	C447	PF13976
super_567	16764	18812	Sphfalx0567s0003	0.0	C170	PF00665
super_567	16764	18812	Sphfalx0567s0003	0.0	C474	PF14227
super_58	170426	173494	Sphfalx0058s0009	0.0	C287	PF03168
super_58	175968	177619	Sphfalx0058s0010	0.0	C287	PF03168
super_58	1463214	1467271	Sphfalx0058s0092	0.0	C449	PF13976
super_58	1470258	1470749	Sphfalx0058s0093	0.0	C449	PF13976
super_59	106719	108346	Sphfalx0059s0007	0.0	C242	PF01535
super_59	115170	119171	Sphfalx0059s0010	0.0	C242	PF01535
super_6	932439	934826	Sphfalx0006s0070	0.0	C399	PF10067
super_6	936115	938577	Sphfalx0006s0071	0.0	C399	PF10067
super_6	1067384	1068407	Sphfalx0006s0081	0.0	C367	PF07883
super_6	1071286	1072240	Sphfalx0006s0082	0.0	C367	PF07883
super_6	2851661	2855648	Sphfalx0006s0199	0.0	C106	PF00226
super_6	2856541	2860884	Sphfalx0006s0200	0.0	C106	PF00226
super_60	1294305	1300498	Sphfalx0060s0082	0.0	C316	PF05057
super_60	1306108	1310573	Sphfalx0060s0083	0.0	C316	PF05057
super_60	1460193	1463835	Sphfalx0060s0090	0.0	C135	PF00403
super_60	1472956	1475923	Sphfalx0060s0091	0.0	C135	PF00403
super_61	510144	510998	Sphfalx0061s0044	0.0	C196	PF00847
super_61	514864	516520	Sphfalx0061s0045	0.0	C196	PF00847
super_61	790411	793827	Sphfalx0061s0057	0.0	C35	PF00069
super_61	797426	799220	Sphfalx0061s0058	0.0	C35	PF00069
super_61	1797887	1800119	Sphfalx0061s0122	0.0	C448	PF13976
super_61	1797887	1800119	Sphfalx0061s0122	0.0	C173	PF00665
super_61	1801678	1805025	Sphfalx0061s0123	0.0	C70	PF00098
super_61	1801678	1805025	Sphfalx0061s0123	0.0	C448	PF13976
super_61	1801678	1805025	Sphfalx0061s0123	0.0	C173	PF00665
super_61	1801678	1805025	Sphfalx0061s0123	0.0	C475	PF14227
super_61	1807917	1809815	Sphfalx0061s0124	0.0	C70	PF00098
super_61	1807917	1809815	Sphfalx0061s0124	0.0	C475	PF14227
super_61	1807917	1809815	Sphfalx0061s0124	0.0	C173	PF00665
super_611	3	1835	Sphfalx0611s0001	0.0	C193	PF00724
super_611	10142	12942	Sphfalx0611s0002	0.0	C193	PF00724
super_62	11944	12908	Sphfalx0062s0001	0.0	C366	PF07883
super_62	15231	15917	Sphfalx0062s0002	0.0	C366	PF07883
super_62	1225456	1226889	Sphfalx0062s0094	0.0	C8	PF00011
super_62	1227603	1228878	Sphfalx0062s0095	0.0	C8	PF00011
super_62	1451492	1452778	Sphfalx0062s0116	0.0	C9	PF00011
super_62	1453307	1454152	Sphfalx0062s0117	0.0	C9	PF00011
super_63	381472	384584	Sphfalx0063s0026	0.0	C245	PF01565
super_63	386608	390713	Sphfalx0063s0027	0.0	C245	PF01565
super_63	1544823	1549280	Sphfalx0063s0087	0.0	C349	PF07714
super_63	1558101	1567330	Sphfalx0063s0090	0.0	C349	PF07714
super_64	296556	297895	Sphfalx0064s0017	0.0	C147	PF00504
super_64	300047	301498	Sphfalx0064s0018	0.0	C147	PF00504
super_64	557602	561704	Sphfalx0064s0039	0.0	C319	PF05199
super_64	557602	561704	Sphfalx0064s0039	0.0	C194	PF00732
super_64	564825	571089	Sphfalx0064s0040	0.0	C194	PF00732
super_64	564825	571089	Sphfalx0064s0040	0.0	C319	PF05199
super_64	638146	640356	Sphfalx0064s0044	0.0	C221	PF01370
super_64	644379	646269	Sphfalx0064s0045	0.0	C221	PF01370
super_64	1641483	1641973	Sphfalx0064s0122	0.0	C219	PF01329
super_64	1643000	1645106	Sphfalx0064s0124	0.0	C219	PF01329
super_65	631878	635794	Sphfalx0065s0056	0.0	C260	PF02469
super_65	642575	645246	Sphfalx0065s0057	0.0	C260	PF02469
super_65	1302335	1305371	Sphfalx0065s0109	0.0	C53	PF00076
super_65	1315365	1317384	Sphfalx0065s0110	0.0	C53	PF00076
super_66	296959	298645	Sphfalx0066s0027	0.0	C379	PF08263
super_66	296959	298645	Sphfalx0066s0027	0.0	C440	PF13855
super_66	300808	302939	Sphfalx0066s0028	0.0	C440	PF13855
super_66	300808	302939	Sphfalx0066s0028	0.0	C379	PF08263
super_66	910913	912326	Sphfalx0066s0067	0.0	C10	PF00011
super_66	913039	914402	Sphfalx0066s0068	0.0	C10	PF00011
super_67	1737	2294	Sphfalx0067s0001	0.0	C146	PF00481
super_67	2492	2866	Sphfalx0067s0002	0.0	C146	PF00481
super_67	8962	9428	Sphfalx0067s0003	0.0	C146	PF00481
super_67	1459827	1461214	Sphfalx0067s0110	0.0	C54	PF00076
super_67	1464028	1465400	Sphfalx0067s0111	0.0	C54	PF00076
super_671	4	1083	Sphfalx0671s0001	0.0	C138	PF00407
super_671	5533	8161	Sphfalx0671s0002	0.0	C138	PF00407
super_68	1261136	1264761	Sphfalx0068s0085	0.0	C408	PF13041
super_68	1261136	1264761	Sphfalx0068s0085	0.0	C498	PF14432
super_68	1265985	1268462	Sphfalx0068s0086	0.0	C498	PF14432
super_68	1265985	1268462	Sphfalx0068s0086	0.0	C408	PF13041
super_7	1054291	1057196	Sphfalx0007s0055	0.0	C91	PF00141
super_7	1058095	1058442	Sphfalx0007s0056	0.0	C91	PF00141
super_7	2660266	2664679	Sphfalx0007s0147	0.0	C119	PF00291
super_7	2667560	2668968	Sphfalx0007s0148	0.0	C119	PF00291
super_7	2907628	2910624	Sphfalx0007s0171	0.0	C189	PF00722
super_7	2915833	2918535	Sphfalx0007s0172	0.0	C189	PF00722
super_7	3080573	3083478	Sphfalx0007s0183	0.0	C164	PF00657
super_7	3087349	3089290	Sphfalx0007s0184	0.0	C164	PF00657
super_7	3550381	3551496	Sphfalx0007s0219	0.0	C97	PF00153
super_7	3552722	3557877	Sphfalx0007s0220	0.0	C97	PF00153
super_7	4763150	4765522	Sphfalx0007s0302	0.0	C136	PF00403
super_7	4767908	4769403	Sphfalx0007s0303	0.0	C136	PF00403
super_7	5043117	5045532	Sphfalx0007s0319	0.0	C432	PF13561
super_7	5051221	5053399	Sphfalx0007s0320	0.0	C432	PF13561
super_70	733645	735490	Sphfalx0070s0049	0.0	C376	PF08240
super_70	733645	735490	Sphfalx0070s0049	0.0	C84	PF00107
super_70	741183	743273	Sphfalx0070s0050	0.0	C376	PF08240
super_70	741183	743273	Sphfalx0070s0050	0.0	C84	PF00107
super_70	748382	750294	Sphfalx0070s0051	0.0	C376	PF08240
super_70	748382	750294	Sphfalx0070s0051	0.0	C84	PF00107
super_70	761155	762989	Sphfalx0070s0053	0.0	C378	PF08240
super_70	761155	762989	Sphfalx0070s0053	0.0	C85	PF00107
super_70	767931	770141	Sphfalx0070s0054	0.0	C378	PF08240
super_70	767931	770141	Sphfalx0070s0054	0.0	C85	PF00107
super_70	775390	777436	Sphfalx0070s0055	0.0	C378	PF08240
super_70	775390	777436	Sphfalx0070s0055	0.0	C85	PF00107
super_70	784540	786348	Sphfalx0070s0056	0.0	C378	PF08240
super_70	784540	786348	Sphfalx0070s0056	0.0	C85	PF00107
super_70	1241953	1244369	Sphfalx0070s0082	0.0	C248	PF01698
super_70	1245495	1247492	Sphfalx0070s0083	0.0	C248	PF01698
super_73	1045489	1047045	Sphfalx0073s0072	0.0	C69	PF00098
super_73	1045489	1047045	Sphfalx0073s0072	0.0	C166	PF00665
super_73	1050953	1055416	Sphfalx0073s0073	0.0	C69	PF00098
super_73	1050953	1055416	Sphfalx0073s0073	0.0	C166	PF00665
super_76	1113	2053	Sphfalx0076s0001	0.0	C476	PF14227
super_76	6098	6655	Sphfalx0076s0002	0.0	C476	PF14227
super_76	478154	479013	Sphfalx0076s0021	0.0	C324	PF05938
super_76	483473	483823	Sphfalx0076s0022	0.0	C324	PF05938
super_76	803869	805112	Sphfalx0076s0035	0.0	C272	PF02798
super_76	803869	805112	Sphfalx0076s0035	0.0	C16	PF00043
super_76	806315	810145	Sphfalx0076s0036	0.0	C16	PF00043
super_76	806315	810145	Sphfalx0076s0036	0.0	C272	PF02798
super_78	452649	454168	Sphfalx0078s0032	0.0	C12	PF00027
super_78	455576	457431	Sphfalx0078s0033	0.0	C12	PF00027
super_8	1942322	1947171	Sphfalx0008s0103	0.0	C56	PF00078
super_8	1956243	1957574	Sphfalx0008s0104	0.0	C56	PF00078
super_8	1993048	1994355	Sphfalx0008s0107	0.0	C365	PF07883
super_8	1997057	1998849	Sphfalx0008s0108	0.0	C365	PF07883
super_8	2049116	2049793	Sphfalx0008s0111	0.0	C364	PF07883
super_8	2055639	2056310	Sphfalx0008s0112	0.0	C364	PF07883
super_8	2061020	2061691	Sphfalx0008s0114	0.0	C364	PF07883
super_8	2067582	2068712	Sphfalx0008s0115	0.0	C364	PF07883
super_82	1173289	1175059	Sphfalx0082s0091	0.0	C296	PF03600
super_82	1175218	1180781	Sphfalx0082s0092	0.0	C296	PF03600
super_83	253869	257162	Sphfalx0083s0014	0.0	C165	PF00657
super_83	263421	267537	Sphfalx0083s0015	0.0	C165	PF00657
super_83	1397574	1399034	Sphfalx0083s0088	0.0	C477	PF14227
super_83	1406581	1407582	Sphfalx0083s0089	0.0	C477	PF14227
super_85	514436	515911	Sphfalx0085s0037	0.0	C321	PF05368
super_85	525274	526796	Sphfalx0085s0038	0.0	C321	PF05368
super_86	1292410	1295135	Sphfalx0086s0082	0.0	C293	PF03330
super_86	1292410	1295135	Sphfalx0086s0082	0.0	C220	PF01357
super_86	1297281	1300656	Sphfalx0086s0083	0.0	C293	PF03330
super_86	1297281	1300656	Sphfalx0086s0083	0.0	C220	PF01357
super_87	81153	83738	Sphfalx0087s0006	0.0	C417	PF13129
super_87	81153	83738	Sphfalx0087s0006	0.0	C217	PF01184
super_87	92487	95238	Sphfalx0087s0007	0.0	C417	PF13129
super_87	92487	95238	Sphfalx0087s0007	0.0	C217	PF01184
super_88	276360	277670	Sphfalx0088s0021	0.0	C273	PF02799
super_88	276360	277670	Sphfalx0088s0021	0.0	C218	PF01233
super_88	279246	280735	Sphfalx0088s0022	0.0	C273	PF02799
super_88	279246	280735	Sphfalx0088s0022	0.0	C218	PF01233
super_9	1300652	1302162	Sphfalx0009s0086	0.0	C11	PF00011
super_9	1302815	1304229	Sphfalx0009s0087	0.0	C11	PF00011
super_9	1328056	1330122	Sphfalx0009s0090	0.0	C58	PF00078
super_9	1335960	1338860	Sphfalx0009s0091	0.0	C58	PF00078
super_9	1765185	1767712	Sphfalx0009s0111	0.0	C137	PF00403
super_9	1777439	1780328	Sphfalx0009s0112	0.0	C137	PF00403
super_9	3133310	3133690	Sphfalx0009s0221	0.0	C288	PF03169
super_9	3133855	3137698	Sphfalx0009s0222	0.0	C288	PF03169
super_9	3719258	3719934	Sphfalx0009s0244	0.0	C100	PF00179
super_9	3725515	3726896	Sphfalx0009s0245	0.0	C100	PF00179
super_9	4557047	4557403	Sphfalx0009s0329	0.0	C151	PF00507
super_9	4560864	4561220	Sphfalx0009s0330	0.0	C151	PF00507
super_90	1261557	1270626	Sphfalx0090s0107	0.0	C257	PF02212
super_90	1261557	1270626	Sphfalx0090s0107	0.0	C211	PF01031
super_90	1261557	1270626	Sphfalx0090s0107	0.0	C122	PF00350
super_90	1278656	1284994	Sphfalx0090s0109	0.0	C257	PF02212
super_90	1278656	1284994	Sphfalx0090s0109	0.0	C122	PF00350
super_90	1278656	1284994	Sphfalx0090s0109	0.0	C211	PF01031
super_91	527986	532522	Sphfalx0091s0035	0.0	C418	PF13360
super_91	532528	533224	Sphfalx0091s0036	0.0	C418	PF13360
super_92	545636	548591	Sphfalx0092s0034	0.0	C17	PF00067
super_92	556718	560149	Sphfalx0092s0035	0.0	C17	PF00067
super_92	739102	743669	Sphfalx0092s0052	0.0	C274	PF02874
super_92	739102	743669	Sphfalx0092s0052	0.0	C5	PF00006
super_92	745011	749498	Sphfalx0092s0053	0.0	C274	PF02874
super_92	745011	749498	Sphfalx0092s0053	0.0	C5	PF00006
super_94	977049	985327	Sphfalx0094s0056	0.0	C339	PF07058
super_94	990061	996147	Sphfalx0094s0057	0.0	C339	PF07058
super_95	72291	75178	Sphfalx0095s0006	0.0	C311	PF04577
super_95	77793	80959	Sphfalx0095s0007	0.0	C311	PF04577
super_95	460574	461212	Sphfalx0095s0035	0.0	C333	PF05970
super_95	461420	462721	Sphfalx0095s0036	0.0	C333	PF05970
super_96	141183	145365	Sphfalx0096s0011	0.0	C300	PF03931
super_96	141183	145365	Sphfalx0096s0011	0.0	C232	PF01466
super_96	155071	157425	Sphfalx0096s0012	0.0	C300	PF03931
super_96	155071	157425	Sphfalx0096s0012	0.0	C232	PF01466
super_97	408615	411522	Sphfalx0097s0035	0.0	C427	PF13417
super_97	415642	417656	Sphfalx0097s0036	0.0	C427	PF13417
super_97	522188	527020	Sphfalx0097s0045	0.0	C420	PF13371
super_97	527056	528091	Sphfalx0097s0046	0.0	C420	PF13371
super_98	731944	735584	Sphfalx0098s0050	0.0	C421	PF13371
super_98	735749	740163	Sphfalx0098s0051	0.0	C421	PF13371
super_99	1015215	1019176	Sphfalx0099s0063	0.0	C310	PF04576
super_99	1026915	1031762	Sphfalx0099s0064	0.0	C310	PF04576
