cluster_id	category	chr	start	end	n_features	n_bystanders	Number of Genes	Genes Pos Correl	Pos Correlation Avg	Genes Neg Correl	Neg Correlation Avg
C1	PF00004	super_126	13	49080	2	2	1794
C2	PF00004	super_179	338156	479798	2	11	2248
C3	PF00004	super_23	322494	355885	2	0	510
C4	PF00004	super_41	1918603	2141343	2	17	767
C5	PF00004	super_53	1219966	1418247	2	21	1202
C6	PF00004	super_54	1608772	1668631	2	2	237
C7	PF00004	super_56	1028155	1181132	2	12	1094
C8	PF00005	super_9	3905584	4117365	2	24	164
C9	PF00005	super_66	188169	338749	2	8	2796
C10	PF00005	super_48	15129	207459	2	12	4913
C11	PF00005	super_41	583749	638504	3	0	632
C12	PF00005	super_40	401531	427795	2	0	346
C13	PF00005	super_4	1162473	1189637	2	0	173
C14	PF00005	super_58	574236	710862	2	7	1627
C15	PF00005	super_34	2173621	2287699	2	4	334
C16	PF00005	super_28	1567022	1597191	2	0	132
C17	PF00005	super_14	3322300	3336282	2	0	13
C18	PF00005	super_14	1628658	1715586	2	11	359
C19	PF00005	super_12	1243162	1398866	2	12	936
C20	PF00005	super_4	800191	826668	2	0	213
C21	PF00006	super_92	739102	749498	2	0	58
C22	PF00009	super_16	2939183	3148829	2	13	342
C23	PF00009	super_17	1650248	1701158	2	2	202
C24	PF00009	super_5	233412	276419	2	1	738
C25	PF00010	super_71	244070	317915	2	1	1256
C26	PF00010	super_328	78735	108182	2	1	680
C27	PF00010	super_59	1254585	1308168	2	0	312
C28	PF00011	super_107	1063082	1076325	2	0	82
C29	PF00011	super_25	1898524	1902605	2	0	5	set(['Sphfalx0003s0145', 'Sphfalx0039s0116', 'Sphfalx0025s0143', 'Sphfalx0047s0142', 'Sphfalx0050s0122'])	0.5037397307991014	set([])	-0.3128159258478606
C30	PF00011	super_62	1225456	1454152	4	20	1367
C31	PF00011	super_66	910913	914402	2	0	2	set(['Sphfalx0066s0068', 'Sphfalx0073s0064'])	0	set([])	0
C32	PF00011	super_9	1300652	1304229	2	0	9	set(['Sphfalx0048s0084', 'Sphfalx0078s0089', 'Sphfalx0054s0075', 'Sphfalx0070s0089', 'Sphfalx0043s0097', 'Sphfalx0007s0063', 'Sphfalx0056s0101', 'Sphfalx0009s0087', 'Sphfalx0034s0102'])	0.11068485002708642	set([])	-0.15410965248117847
C33	PF00012	super_108	64947	183452	3	6	2841
C34	PF00012	super_73	527199	628762	2	9	1259
C35	PF00013	super_0	9772988	9993267	2	7	8	set(['Sphfalx0000s0649', 'Sphfalx0000s0648', 'Sphfalx0000s0654', 'Sphfalx0000s0655', 'Sphfalx0000s0652', 'Sphfalx0000s0653', 'Sphfalx0000s0650', 'Sphfalx0000s0651'])	0.27282060980630873	set([])	-0.3629516331888027
C36	PF00025	super_231	221032	333425	2	8	2017
C37	PF00025	super_20	1619867	2109688	4	34	1931
C38	PF00025	super_16	1855970	2081265	2	17	817
C39	PF00026	super_179	301622	549109	3	16	3837
C40	PF00027	super_78	452649	457431	2	0	30
C41	PF00027	super_79	1053359	1298720	2	11	1635
C42	PF00043	super_163	89719	105158	3	1	309
C43	PF00043	super_18	3055161	3084545	2	2	26
C44	PF00043	super_5	3219610	3336723	6	1	179
C45	PF00043	super_51	264816	283373	2	0	293
C46	PF00043	super_513	12799	30359	3	0	548
C47	PF00043	super_56	1300820	1317794	2	0	70
C48	PF00043	super_76	803869	810145	2	0	28
C49	PF00046	super_8	4427856	4463122	2	1	20
C50	PF00046	super_71	1457656	1498320	2	1	196
C51	PF00046	super_23	690303	803271	2	2	1155
C52	PF00046	super_1	1192522	1416136	2	5	1349
C53	PF00046	super_103	87734	139685	2	3	1182
C54	PF00046	super_0	10187526	10285464	2	1	2	set([])	0	set(['Sphfalx0000s0670', 'Sphfalx0000s0669'])	-0.21764146801823603
C55	PF00046	super_219	159810	196011	2	0	755
C56	PF00067	super_44	819734	918586	2	6	903
C57	PF00067	super_308	8990	22020	3	0	416
C58	PF00067	super_310	41208	59329	2	0	397
C59	PF00067	super_32	709540	831942	3	7	1203
C60	PF00067	super_35	2043139	2417590	5	13	1117
C61	PF00067	super_362	1715	13921	2	0	429
C62	PF00067	super_42	996779	1038860	3	0	300
C63	PF00067	super_46	125071	139554	2	0	250
C64	PF00067	super_92	342814	560149	4	10	3273
C65	PF00067	super_52	91045	132501	3	1	940
C66	PF00067	super_56	227830	459831	3	15	3963
C67	PF00067	super_6	3270614	3307593	2	4	51
C68	PF00067	super_61	143961	176742	2	2	678
C69	PF00067	super_66	321451	637106	4	17	4623
C70	PF00067	super_77	656779	871776	2	10	2232
C71	PF00067	super_8	4388646	4510835	2	6	66
C72	PF00067	super_289	19118	214431	2	13	4936
C73	PF00067	super_5	2880903	2953561	3	5	139
C74	PF00067	super_256	260410	309389	2	0	860
C75	PF00067	super_27	387126	495555	3	7	1590
C76	PF00067	super_130	375069	404522	3	1	436
C77	PF00067	super_0	6987281	7004752	2	0	1
C78	PF00067	super_117	389662	401182	2	0	123
C79	PF00067	super_12	588355	604183	2	0	148
C80	PF00067	super_132	243835	360625	6	1	2006
C81	PF00067	super_134	609679	806789	2	12	2175
C82	PF00067	super_14	1926508	2039573	2	9	397
C83	PF00067	super_253	31231	98269	4	2	1772
C84	PF00067	super_167	184109	362388	6	8	3308
C85	PF00067	super_16	2399574	2411321	2	1	23
C86	PF00067	super_196	126540	266739	5	7	2916
C87	PF00067	super_2	90081	226814	2	8	3073
C88	PF00067	super_21	2558888	2648573	5	2	192
C89	PF00067	super_212	13402	26099	2	0	363
C90	PF00067	super_214	261748	336874	2	2	1309
C91	PF00067	super_218	50815	71488	2	0	489
C92	PF00067	super_23	991594	1000637	2	0	51
C93	PF00067	super_25	1683404	1738490	2	6	220
C94	PF00067	super_187	222981	421745	3	14	3500
C95	PF00069	super_414	9381	73714	2	2	1965
C96	PF00069	super_44	416453	525414	2	12	1549
C97	PF00069	super_45	1894174	2045145	2	10	537
C98	PF00069	super_450	4495	17587	2	0	424
C99	PF00069	super_451	9197	30237	2	0	699
C100	PF00069	super_26	2025343	2213429	2	16	613
C101	PF00069	super_47	395496	548296	2	14	2173
C102	PF00069	super_472	10633	40900	2	1	968
C103	PF00069	super_49	767557	1010681	6	8	2171
C104	PF00069	super_50	536069	685746	2	11	1830
C105	PF00069	super_403	11860	62103	2	3	1493
C106	PF00069	super_464	42523	50127	2	0	128
C107	PF00069	super_40	2279607	2369044	3	3	225
C108	PF00069	super_29	2122326	2267272	2	10	443
C109	PF00069	super_376	4044	89255	3	4	2617
C110	PF00069	super_37	621786	683559	3	1	698
C111	PF00069	super_356	18212	114853	2	3	2685
C112	PF00069	super_311	5447	80828	2	6	2324
C113	PF00069	super_31	969297	1018076	2	2	357
C114	PF00069	super_30	336145	422302	2	5	1414
C115	PF00069	super_3	4429733	4499511	2	5	32
C116	PF00069	super_53	1313825	1550359	2	18	1300
C117	PF00069	super_29	1771079	1787152	2	0	47
C118	PF00069	super_287	49212	108617	2	8	1546
C119	PF00069	super_28	1738225	1815159	2	2	328
C120	PF00069	super_27	1775892	1809449	2	4	129
C121	PF00069	super_39	1628750	1824585	6	5	833
C122	PF00069	super_534	2	27245	2	1	1137
C123	PF00069	super_65	199670	231024	2	2	601
C124	PF00069	super_56	1342369	1595928	2	9	1329
C125	PF00069	super_99	931956	1162777	2	14	1739
C126	PF00069	super_98	649036	740163	2	7	1045
C127	PF00069	super_91	370787	410813	2	2	610
C128	PF00069	super_90	1009461	1077056	2	3	507
C129	PF00069	super_90	465908	646626	2	16	2379
C130	PF00069	super_90	8012	178983	2	19	4610
C131	PF00069	super_87	546962	697577	2	14	1843
C132	PF00069	super_87	218211	281693	2	2	1170
C133	PF00069	super_86	937888	1135633	2	10	1507
C134	PF00069	super_84	1349818	1407332	2	5	303
C135	PF00069	super_80	1332744	1482126	2	9	839
C136	PF00069	super_8	2355865	2417819	3	1	151
C137	PF00069	super_54	66621	86561	2	1	452
C138	PF00069	super_78	114682	254669	2	5	2998
C139	PF00069	super_77	26735	106335	2	6	2158
C140	PF00069	super_71	631919	699510	2	1	779
C141	PF00069	super_7	4829134	4951378	2	6	56
C142	PF00069	super_7	3130046	3208684	2	3	110
C143	PF00069	super_65	1214311	1410650	2	16	1179
C144	PF00069	super_64	1513536	1568865	2	2	255
C145	PF00069	super_63	1440880	1549280	2	7	522
C146	PF00069	super_61	790411	1003479	4	14	1904
C147	PF00069	super_6	3690174	3883285	2	12	200
C148	PF00069	super_6	1926800	2134813	2	5	720
C149	PF00069	super_59	912344	1020089	3	1	850
C150	PF00069	super_57	1065060	1344755	3	23	1836
C151	PF00069	super_77	550856	854155	3	22	3382
C152	PF00069	super_258	5200	9100	2	0	70
C153	PF00069	super_105	1062069	1094786	3	1	222
C154	PF00069	super_24	429218	621174	3	11	2595
C155	PF00069	super_134	346333	568077	2	15	3324
C156	PF00069	super_131	693394	913784	2	13	2177
C157	PF00069	super_245	32399	284497	6	13	5803
C158	PF00069	super_130	672157	722475	2	0	568
C159	PF00069	super_13	2437777	2588014	2	8	338
C160	PF00069	super_123	868048	957122	2	7	788
C161	PF00069	super_12	2430633	2453557	2	0	39
C162	PF00069	super_117	177299	191618	2	0	236
C163	PF00069	super_115	680576	797961	2	9	1214
C164	PF00069	super_109	86560	115184	2	0	648
C165	PF00069	super_103	553254	599279	3	1	553
C166	PF00069	super_100	947079	1054427	2	5	815
C167	PF00069	super_10	1766688	1837481	2	7	271
C168	PF00069	super_10	1374297	1480016	2	9	573
C169	PF00069	super_1	4807302	4935139	2	5	62
C170	PF00069	super_1	3610367	3930604	3	20	328
C171	PF00069	super_1	2627571	2865470	3	7	470
C172	PF00069	super_1	70845	273841	2	13	4493
C173	PF00069	super_0	11460426	11489099	2	2	3	set(['Sphfalx0000s0748', 'Sphfalx0000s0746', 'Sphfalx0000s0747'])	0.1543816471102112	set([])	0
C174	PF00069	super_0	9657577	9710004	2	5	6	set(['Sphfalx0000s0638', 'Sphfalx0000s0639', 'Sphfalx0000s0641', 'Sphfalx0000s0640', 'Sphfalx0000s0643', 'Sphfalx0000s0642'])	0.3492661893798306	set([])	-0.2330760518475359
C175	PF00069	super_0	8165328	8216969	2	2	3	set(['Sphfalx0000s0542', 'Sphfalx0000s0543', 'Sphfalx0000s0541'])	0.264123789452989	set([])	-0.15409947481089256
C176	PF00069	super_0	6008385	6174994	4	3	30
C177	PF00069	super_0	2524583	2578162	2	3	118
C178	PF00069	super_0	663740	689042	2	2	275
C179	PF00069	super_0	281121	359468	2	4	1302
C180	PF00069	super_137	38877	184605	2	7	3596
C181	PF00069	super_14	218917	369840	2	11	2709
C182	PF00069	super_131	129058	157385	2	1	553
C183	PF00069	super_141	214369	232210	2	1	288
C184	PF00069	super_24	38338	92902	2	0	1429
C185	PF00069	super_238	189659	318833	4	9	2432
C186	PF00069	super_232	189405	214421	2	0	456
C187	PF00069	super_225	246370	285248	2	1	634
C188	PF00069	super_22	2282851	2561905	3	16	688
C189	PF00069	super_215	159122	327153	2	17	3280
C190	PF00069	super_210	209605	446780	8	0	4144
C191	PF00069	super_21	965444	1054356	2	5	664
C192	PF00069	super_209	244384	359309	3	9	1968
C193	PF00069	super_14	3642313	3869913	3	18	239
C194	PF00069	super_20	74071	206662	2	6	3058
C195	PF00069	super_2	3994871	4324914	3	21	258
C196	PF00069	super_19	535184	558084	2	1	243
C197	PF00069	super_207	196146	412831	3	14	3922
C198	PF00069	super_181	374849	433781	4	3	886
C199	PF00069	super_144	2215	27564	2	2	916
C200	PF00069	super_187	206943	430901	2	19	3981
C201	PF00069	super_148	652333	732067	4	5	920
C202	PF00069	super_15	628728	745206	2	14	1332
C203	PF00069	super_15	2154987	2238819	2	5	257
C204	PF00069	super_150	612912	696326	2	3	970
C205	PF00069	super_146	340670	548611	7	13	3164
C206	PF00069	super_163	2338	199392	2	15	5304
C207	PF00069	super_17	1041451	1306210	4	15	1774
C208	PF00069	super_171	285423	527935	2	16	3869
C209	PF00069	super_18	903621	1124123	2	14	1724
C210	PF00069	super_16	3043226	3074631	2	0	35
C211	PF00071	super_20	2612520	2693058	2	5	161
C212	PF00076	super_33	1590773	1673926	2	7	350
C213	PF00076	super_99	601299	658231	2	4	637
C214	PF00076	super_67	1215126	1465400	3	15	1485
C215	PF00076	super_65	1302335	1317384	2	0	61
C216	PF00076	super_6	4032543	4256372	2	21	183
C217	PF00076	super_44	2001187	2014423	2	0	41
C218	PF00076	super_40	1386444	1705001	3	29	1548
C219	PF00076	super_4	1568936	1616166	2	1	212
C220	PF00076	super_32	2204445	2422436	2	18	597
C221	PF00076	super_162	187478	528985	3	25	5835
C222	PF00076	super_26	1579792	1586475	2	1	19
C223	PF00076	super_0	1578760	1821345	2	18	1057
C224	PF00076	super_1	4201251	4225006	2	1	24
C225	PF00076	super_126	612914	788199	3	14	1943
C226	PF00076	super_13	928242	1110371	2	14	1415
C227	PF00076	super_28	1336153	1345364	2	2	37
C228	PF00076	super_15	959569	1143341	2	10	1360
C229	PF00076	super_145	24978	120293	2	7	2543
C230	PF00076	super_2	2905829	3114859	4	14	353
C231	PF00078	super_27	711170	772476	2	3	605
C232	PF00078	super_278	16505	46936	2	0	893
C233	PF00078	super_29	960670	1107818	2	13	1098
C234	PF00078	super_304	77750	190689	3	3	2617
C235	PF00078	super_319	1149	63078	2	1	2022
C236	PF00078	super_337	17453	61815	3	2	1262
C237	PF00078	super_50	1294774	1579908	3	11	1562
C238	PF00078	super_227	267397	341916	2	6	1264
C239	PF00078	super_8	1942322	1957574	2	0	53
C240	PF00078	super_8	3010768	3101673	2	2	126
C241	PF00078	super_9	1328056	1338860	2	0	53
C242	PF00078	super_93	330146	486782	2	12	2473
C243	PF00078	super_98	180363	437048	2	19	4628
C244	PF00078	super_5	82169	255293	3	9	3849
C245	PF00078	super_22	645559	839540	2	9	2049
C246	PF00078	super_57	1619584	1685388	2	5	271
C247	PF00078	super_19	2810796	2822574	2	0	12
C248	PF00078	super_1	6710180	6719692	2	0	2	set(['Sphfalx0000s0432', 'Sphfalx0001s0439'])	0.4682503147553264	set([])	0
C249	PF00078	super_10	2495182	2507305	3	0	19
C250	PF00078	super_131	761458	812157	2	2	465
C251	PF00078	super_132	298139	409640	2	5	1875
C252	PF00078	super_14	1858794	2078743	2	13	800
C253	PF00078	super_140	201535	235725	2	3	647
C254	PF00078	super_192	43112	199731	2	9	3811
C255	PF00078	super_15	843855	884885	2	4	348
C256	PF00078	super_155	9242	36257	2	0	891
C257	PF00078	super_16	1308982	1426883	2	8	694
C258	PF00078	super_160	357055	369309	2	0	164
C259	PF00078	super_186	152201	495239	4	5	6170
C260	PF00078	super_188	224231	279927	2	3	1001
C261	PF00078	super_143	222173	317734	2	5	1731
C262	PF00081	super_12	3775365	3813768	2	1	39
C263	PF00082	super_4	5421264	5435821	2	0	7	set(['Sphfalx0006s0399', 'Sphfalx0001s0347', 'Sphfalx0003s0390', 'Sphfalx0004s0376', 'Sphfalx0002s0368', 'Sphfalx0002s0369', 'Sphfalx0000s0359'])	0.3362804356546727	set([])	-0.23858457942059977
C264	PF00085	super_233	19341	158918	2	10	3663
C265	PF00085	super_3	2963017	3150877	2	17	295
C266	PF00085	super_15	1701057	1922999	2	17	924
C267	PF00085	super_113	886623	1077950	2	9	1571
C268	PF00085	super_126	298395	374769	2	6	1278
C269	PF00091	super_0	1641091	1664174	3	0	81
C270	PF00091	super_161	152943	165878	2	0	232
C271	PF00091	super_35	1459105	1487079	3	0	135
C272	PF00097	super_307	173283	180197	2	0	69
C273	PF00098	super_25	10765	31068	2	2	664
C274	PF00098	super_25	2554490	2762935	2	12	435
C275	PF00098	super_282	39418	86386	3	3	1210
C276	PF00098	super_3	2622637	2639584	2	1	31
C277	PF00098	super_3	3661461	3748750	2	4	85
C278	PF00098	super_386	87227	94679	2	0	96
C279	PF00098	super_34	2472832	2508611	3	1	72
C280	PF00098	super_391	531	12922	2	0	456
C281	PF00098	super_61	1801678	1809815	2	0	21
C282	PF00098	super_73	1045489	1055416	2	0	44
C283	PF00098	super_241	101778	177994	4	3	1716
C284	PF00098	super_8	3627402	3772638	2	12	158
C285	PF00098	super_23	1513701	1763443	2	19	1130
C286	PF00098	super_132	403074	469842	2	2	944
C287	PF00098	super_19	2810796	2822574	2	0	12
C288	PF00098	super_205	208651	214157	2	0	54
C289	PF00098	super_1	6710180	6719692	2	0	2	set(['Sphfalx0000s0432', 'Sphfalx0001s0439'])	0.4682503147553264	set([])	0
C290	PF00098	super_107	113692	138752	2	2	505
C291	PF00098	super_119	663522	866621	3	10	2093
C292	PF00098	super_13	439913	536277	2	2	1361
C293	PF00098	super_118	878116	898960	2	1	176
C294	PF00098	super_158	346315	412773	3	3	1084
C295	PF00098	super_147	453530	490469	3	1	491
C296	PF00098	super_175	7247	23887	2	1	554
C297	PF00098	super_185	1143	35899	5	1	1262
C298	PF00098	super_188	203741	209441	2	0	63
C299	PF00106	super_2	4696018	4705294	2	0	4	set(['Sphfalx0002s0306', 'Sphfalx0006s0353', 'Sphfalx0004s0314', 'Sphfalx0003s0342'])	0.12583899249819752	set([])	-0.316588623210217
C300	PF00106	super_591	2	15588	2	1	701
C301	PF00107	super_25	2817187	2824060	2	0	5	set(['Sphfalx0011s0171', 'Sphfalx0019s0165', 'Sphfalx0025s0216', 'Sphfalx0020s0216', 'Sphfalx0005s0195'])	0.298769189325598	set([])	-0.32795874453229285
C302	PF00107	super_140	354068	376109	2	0	333
C303	PF00107	super_133	8096	105882	2	3	2888
C304	PF00107	super_70	733645	786348	7	1	481
C305	PF00107	super_11	151257	168829	3	0	336
C306	PF00107	super_0	7023023	7058337	2	0	1
C307	PF00107	super_112	426770	479465	2	0	721
C308	PF00112	super_47	345444	433039	2	9	1412
C309	PF00118	super_156	355560	431009	2	9	1204
C310	PF00119	super_9	4517531	4539556	2	3	10	set(['Sphfalx0009s0321', 'Sphfalx0009s0320', 'Sphfalx0009s0322', 'Sphfalx0003s0327', 'Sphfalx0006s0341', 'Sphfalx0008s0257', 'Sphfalx0009s0319', 'Sphfalx0005s0324', 'Sphfalx0007s0286', 'Sphfalx0002s0293'])	0.16978773425923446	set([])	-0.3014008031104083
C311	PF00120	super_239	265269	283068	2	0	281
C312	PF00120	super_16	410972	429027	2	0	222
C313	PF00122	super_59	608960	870007	2	21	2778
C314	PF00122	super_74	973999	1021040	2	0	340
C315	PF00125	super_297	81659	85353	2	0	28
C316	PF00134	super_156	629591	641178	2	2	90
C317	PF00139	super_126	887529	956722	3	5	600
C318	PF00139	super_181	374849	460251	4	5	1288
C319	PF00139	super_210	193503	493758	9	1	5193
C320	PF00139	super_311	5447	80828	2	6	2324
C321	PF00141	super_75	760087	888936	3	7	1204
C322	PF00141	super_7	1054291	1058442	2	0	8	set(['Sphfalx0076s0050', 'Sphfalx0012s0076', 'Sphfalx0101s0069', 'Sphfalx0043s0074', 'Sphfalx0084s0055', 'Sphfalx0007s0056', 'Sphfalx0026s0079', 'Sphfalx0100s0070'])	0.3672377532879261	set([])	-0.25530322136566014
C323	PF00141	super_68	968211	991802	2	0	160
C324	PF00141	super_4	633397	660571	2	0	265
C325	PF00141	super_3	4457878	4461502	2	0	1
C326	PF00141	super_277	31328	57729	2	1	646
C327	PF00141	super_2	2710827	2803728	3	2	191
C328	PF00141	super_2	690838	720417	3	1	302
C329	PF00141	super_19	1876086	1932250	2	0	195
C330	PF00141	super_154	654917	691116	6	0	413
C331	PF00141	super_0	2894229	2910611	2	0	24
C332	PF00141	super_11	1435180	1478411	2	1	205
C333	PF00141	super_11	2119662	2171026	2	0	158
C334	PF00141	super_157	550617	573475	2	0	265
C335	PF00141	super_132	678691	775108	5	3	1015
C336	PF00141	super_140	206123	285474	3	5	1508
C337	PF00141	super_116	813530	865460	2	2	449
C338	PF00149	super_142	294443	496621	2	12	3247
C339	PF00149	super_3	255385	425305	2	18	2919
C340	PF00149	super_4	5087472	5299650	2	21	101
C341	PF00149	super_46	82439	101146	2	0	381
C342	PF00153	super_96	1010355	1033933	2	2	151
C343	PF00153	super_7	3550381	3557877	2	0	5	set(['Sphfalx0013s0276', 'Sphfalx0007s0220', 'Sphfalx0011s0220', 'Sphfalx0006s0263', 'Sphfalx0010s0250'])	0.7992454687814663	set([])	0
C344	PF00153	super_46	376090	396559	2	1	284
C345	PF00153	super_43	1795595	1822007	2	1	91
C346	PF00153	super_3	819646	940720	2	6	1094
C347	PF00153	super_228	300779	350051	2	3	777
C348	PF00153	super_215	298121	384607	2	6	1468
C349	PF00153	super_213	180759	406499	2	15	4155
C350	PF00153	super_26	2439129	2632341	2	13	427
C351	PF00153	super_190	438498	453554	2	2	178
C352	PF00160	super_0	3546048	3570812	2	0	29
C353	PF00163	super_102	630127	702828	2	9	851
C354	PF00164	super_16	2860375	2866037	2	0	6	set(['Sphfalx0016s0226', 'Sphfalx0023s0185', 'Sphfalx0002s0182', 'Sphfalx0024s0171', 'Sphfalx0001s0165', 'Sphfalx0004s0183'])	0.15637913894394742	set([])	-0.253797176128785
C355	PF00168	super_38	47313	236747	2	6	4475
C356	PF00168	super_102	822603	876183	2	5	477
C357	PF00168	super_16	1844012	1992519	2	10	553
C358	PF00170	super_59	662022	688597	2	3	298
C359	PF00171	super_232	68421	96515	2	0	662
C360	PF00179	super_0	7550805	7632261	2	6	7	set(['Sphfalx0000s0498', 'Sphfalx0000s0499', 'Sphfalx0000s0494', 'Sphfalx0000s0495', 'Sphfalx0000s0496', 'Sphfalx0000s0497', 'Sphfalx0000s0500'])	0.5082623251729427	set([])	-0.23777716418240927
C361	PF00179	super_10	326854	419144	2	6	1523
C362	PF00179	super_14	2810898	3016505	3	14	385
C363	PF00179	super_43	1912197	2134815	2	8	772
C364	PF00179	super_553	20791	22269	2	0	10	set(['Sphfalx0090s0002', 'Sphfalx0355s0003', 'Sphfalx0553s0002', 'Sphfalx0195s0004', 'Sphfalx0236s0002', 'Sphfalx0261s0003', 'Sphfalx0351s0004', 'Sphfalx0189s0002', 'Sphfalx0444s0004', 'Sphfalx0429s0004'])	0.21072740656139313	set([])	-0.3509014178596412
C365	PF00179	super_6	684330	706954	2	0	238
C366	PF00179	super_9	3719258	3726896	2	0	3	set(['Sphfalx0015s0272', 'Sphfalx0009s0245', 'Sphfalx0003s0272'])	0.22857013427701214	set([])	0
C367	PF00182	super_74	1409884	1455306	2	1	232
C368	PF00182	super_68	831950	1025106	2	14	1656
C369	PF00187	super_74	1409884	1455306	2	1	232
C370	PF00187	super_20	2859465	2947037	4	3	164
C371	PF00190	super_109	361615	391018	2	1	461
C372	PF00190	super_112	782247	790365	2	0	41
C373	PF00190	super_176	571957	611703	2	5	451
C374	PF00190	super_19	1314697	1364695	5	2	302
C375	PF00190	super_196	451536	458851	2	0	62
C376	PF00190	super_500	1326	21057	2	0	726
C377	PF00195	super_31	1592519	1632270	2	0	168
C378	PF00195	super_51	500975	534546	2	1	423
C379	PF00195	super_57	809967	854667	2	2	390
C380	PF00201	super_19	447029	478700	4	1	417
C381	PF00201	super_16	3630306	3672864	3	0	48
C382	PF00201	super_168	352065	376737	2	0	379
C383	PF00201	super_101	816654	918556	3	4	931
C384	PF00201	super_112	541471	561754	2	0	213
C385	PF00221	super_15	1755908	1795908	2	2	159
C386	PF00224	super_73	726217	794085	2	2	633
C387	PF00225	super_2	12814	115621	2	5	2914
C388	PF00225	super_99	708788	741676	2	2	331
C389	PF00226	super_63	408831	494433	2	6	1223
C390	PF00226	super_6	2851661	2860884	2	0	9	set(['Sphfalx0006s0200', 'Sphfalx0014s0183', 'Sphfalx0018s0206', 'Sphfalx0016s0224', 'Sphfalx0007s0167', 'Sphfalx0007s0166', 'Sphfalx0012s0182', 'Sphfalx0003s0214', 'Sphfalx0024s0169'])	0.5278913269754137	set([])	-0.22065502116619642
C391	PF00226	super_47	1194516	1598465	3	31	2267
C392	PF00226	super_97	1006791	1028546	2	0	131
C393	PF00226	super_20	3037552	3177733	2	6	199
C394	PF00226	super_24	1077062	1111727	3	1	216
C395	PF00226	super_66	684062	931954	2	18	2443
C396	PF00226	super_19	3203127	3264173	2	3	93
C397	PF00226	super_118	35981	96901	2	5	1592
C398	PF00227	super_13	3586926	3599925	2	0	6	set(['Sphfalx0014s0246', 'Sphfalx0010s0251', 'Sphfalx0003s0266', 'Sphfalx0013s0279', 'Sphfalx0011s0223', 'Sphfalx0002s0235'])	0.4878205012889371	set([])	-0.5244540060254341
C399	PF00227	super_169	506564	509574	2	1	8	set(['Sphfalx0042s0023', 'Sphfalx0169s0039', 'Sphfalx0153s0032', 'Sphfalx0047s0031', 'Sphfalx0030s0031', 'Sphfalx0141s0040', 'Sphfalx0160s0020', 'Sphfalx0152s0046'])	0.3751484795609767	set([])	-0.16758516955381553
C400	PF00227	super_71	1011141	1126228	2	8	845
C401	PF00230	super_7	1501293	1738563	2	17	1062
C402	PF00230	super_261	246023	262170	2	0	189
C403	PF00238	super_48	1627732	1769388	2	8	612
C404	PF00240	super_0	2553233	2562280	2	1	17
C405	PF00240	super_0	9291823	9308792	2	0	1
C406	PF00244	super_19	2218954	2292228	2	3	207
C407	PF00244	super_53	274015	361301	3	3	1478
C408	PF00248	super_55	1005920	1054942	3	1	344
C409	PF00248	super_87	445444	461930	2	0	202
C410	PF00248	super_206	9502	167912	13	15	4279
C411	PF00248	super_163	10368	42493	2	2	1025
C412	PF00249	super_88	1288531	1350611	2	6	380
C413	PF00249	super_9	3256429	3356214	2	3	149
C414	PF00249	super_67	317223	418499	2	8	1659
C415	PF00249	super_6	3956856	3982149	2	1	24
C416	PF00249	super_4	3488738	3519649	2	0	43
C417	PF00249	super_2	2495450	2635134	3	8	300
C418	PF00249	super_78	880642	946957	2	2	573
C419	PF00249	super_167	29239	93732	2	3	1733
C420	PF00249	super_143	412634	556493	2	8	2026
C421	PF00249	super_140	536327	564569	2	0	315
C422	PF00249	super_119	520657	726485	2	15	2523
C423	PF00249	super_1	3740217	3804964	2	4	72
C424	PF00249	super_173	291588	316892	2	1	386
C425	PF00251	super_31	634086	685066	3	0	563
C426	PF00251	super_67	450978	489923	2	0	527
C427	PF00251	super_73	162406	270065	3	2	2163
C428	PF00264	super_48	1803331	1837922	2	2	117
C429	PF00270	super_22	1717090	1728804	2	0	37
C430	PF00270	super_13	2344492	2356348	2	0	20
C431	PF00270	super_16	123746	165308	2	0	884
C432	PF00270	super_20	569541	705714	2	12	1636
C433	PF00271	super_225	197395	388095	2	14	3498
C434	PF00271	super_22	1717090	1728804	2	0	37
C435	PF00271	super_28	1357562	1537700	2	14	955
C436	PF00271	super_20	569541	705714	2	12	1636
C437	PF00271	super_13	2344492	2356348	2	0	20
C438	PF00271	super_16	123746	165308	2	0	884
C439	PF00271	super_180	194362	291623	2	2	1848
C440	PF00271	super_13	906320	1008402	2	9	810
C441	PF00274	super_125	597592	626039	2	3	309
C442	PF00291	super_287	133576	251967	3	3	2513
C443	PF00291	super_7	2660266	2668968	2	0	12
C444	PF00294	super_13	2603683	2748701	2	9	293
C445	PF00305	super_216	305098	322940	2	1	243
C446	PF00305	super_81	495065	542649	2	1	612
C447	PF00313	super_25	10765	31068	2	2	664
C448	PF00314	super_140	117686	168840	2	0	1117
C449	PF00314	super_188	96249	118908	2	0	484
C450	PF00314	super_261	4555	54368	2	2	1605
C451	PF00314	super_431	3141	51410	2	1	1602
C452	PF00319	super_96	639787	711731	2	4	830
C453	PF00332	super_172	330526	376765	3	0	765
C454	PF00350	super_11	1677961	1710014	2	2	123
C455	PF00350	super_242	285398	308857	2	0	363
C456	PF00350	super_90	1261557	1284994	2	1	120
C457	PF00355	super_281	167595	244943	3	6	1593
C458	PF00361	super_359	72381	77085	2	0	55
C459	PF00361	super_206	13502	118624	3	10	2950
C460	PF00385	super_57	1619584	1685388	2	5	271
C461	PF00385	super_10	2499581	2507305	2	0	5	set(['Sphfalx0010s0165', 'Sphfalx0036s0165', 'Sphfalx0025s0188', 'Sphfalx0004s0160', 'Sphfalx0000s0187'])	0.4455616046319047	set([])	-0.2749803059286396
C462	PF00385	super_140	231406	323183	2	5	1621
C463	PF00385	super_15	843855	884885	2	4	348
C464	PF00385	super_158	399022	456083	2	2	806
C465	PF00385	super_24	1329137	1344548	2	0	83
C466	PF00385	super_337	27380	129591	3	4	2694
C467	PF00385	super_369	12614	66106	2	3	1584
C468	PF00385	super_5	82169	255293	3	9	3849
C469	PF00385	super_50	1294774	1579908	3	11	1562
C470	PF00385	super_66	1171409	1318230	2	2	906
C471	PF00385	super_9	1335960	1478145	2	1	788
C472	PF00400	super_4	5105093	5185244	2	7	34
C473	PF00400	super_51	774546	812900	2	3	353
C474	PF00400	super_54	457644	561677	2	7	1407
C475	PF00400	super_4	1842876	1897028	2	6	206
C476	PF00400	super_6	3525200	3555817	2	2	39
C477	PF00400	super_80	1214802	1314189	2	6	594
C478	PF00400	super_97	232738	381022	2	13	2628
C479	PF00400	super_56	1483633	1497429	2	0	45
C480	PF00400	super_377	21378	66798	2	3	1263
C481	PF00400	super_6	4378902	4558140	2	7	106
C482	PF00400	super_28	214258	377440	2	10	2932
C483	PF00400	super_0	8157936	8177081	2	2	3	set(['Sphfalx0000s0542', 'Sphfalx0000s0540', 'Sphfalx0000s0541'])	0.5284787830731799	set([])	-0.3109834258895659
C484	PF00400	super_28	1247243	1396796	2	16	900
C485	PF00400	super_121	598734	703964	2	11	1253
C486	PF00400	super_124	382220	393491	2	0	129
C487	PF00400	super_0	10355648	10588179	3	19	21
C488	PF00400	super_182	97850	283494	2	5	3979
C489	PF00400	super_2	2651588	2853560	2	10	387
C490	PF00400	super_2	3140153	3290123	2	7	227
C491	PF00400	super_181	1913	101303	3	9	3031
C492	PF00403	super_6	2248098	2421540	2	13	459
C493	PF00403	super_9	1765185	1780328	2	0	44
C494	PF00403	super_8	3030748	3141516	4	1	155
C495	PF00403	super_7	4598361	4769403	4	8	100
C496	PF00403	super_60	1460193	1475923	2	0	61
C497	PF00403	super_6	5115257	5192402	3	0	34
C498	PF00403	super_44	1410892	1656012	2	21	1197
C499	PF00403	super_119	392651	399332	2	0	53
C500	PF00403	super_251	162336	217400	3	3	1157
C501	PF00403	super_218	238199	249103	2	1	146
C502	PF00403	super_15	1035824	1292574	2	16	1731
C503	PF00403	super_10	4199613	4219300	2	2	20
C504	PF00403	super_10	3610097	3906727	9	3	309
C505	PF00403	super_31	2061280	2153928	4	0	297
C506	PF00407	super_34	1187880	1193940	2	0	18
C507	PF00407	super_327	20716	30553	2	0	246
C508	PF00407	super_671	4	8161	2	0	372
C509	PF00407	super_3	4388	17304	2	0	420
C510	PF00407	super_10	937572	1090088	6	8	1191
C511	PF00407	super_3	709930	772468	4	0	615
C512	PF00412	super_68	1056314	1314835	2	17	1711
C513	PF00450	super_7	289437	319628	2	0	472
C514	PF00462	super_122	365554	413779	3	0	748
C515	PF00462	super_52	807740	859792	2	0	461
C516	PF00462	super_93	507751	550563	2	0	524
C517	PF00464	super_3	2398497	2416087	2	1	41
C518	PF00466	super_96	459580	589139	2	5	1746
C519	PF00467	super_85	213095	307421	2	6	1731
C520	PF00481	super_322	143231	160656	2	0	293
C521	PF00481	super_67	1737	80051	6	3	2489
C522	PF00487	super_27	163882	182557	2	0	345
C523	PF00498	super_26	440239	697944	2	17	3384
C524	PF00501	super_78	207910	231694	2	0	429
C525	PF00501	super_20	646099	730020	2	9	954
C526	PF00501	super_179	469266	561612	2	6	1245
C527	PF00504	super_294	197564	207753	2	0	139
C528	PF00504	super_38	1440101	1449374	2	0	24
C529	PF00504	super_64	296556	301498	2	0	37
C530	PF00504	super_83	774359	788799	2	0	108
C531	PF00505	super_231	65074	75126	2	1	200
C532	PF00505	super_55	1308433	1332680	2	0	126
C533	PF00507	super_9	4557047	4561220	2	0	1
C534	PF00514	super_152	335739	538190	2	16	3112
C535	PF00514	super_26	2188550	2239722	3	1	143
C536	PF00514	super_3	673662	888396	2	16	2173
C537	PF00515	super_46	82439	101146	2	0	381
C538	PF00515	super_77	1347309	1395005	2	1	243
C539	PF00533	super_150	231261	276175	2	2	770
C540	PF00534	super_9	281827	368568	2	6	1462
C541	PF00538	super_192	370505	394405	3	0	361
C542	PF00538	super_167	488328	536215	4	0	635
C543	PF00538	super_11	1584235	1675145	2	2	388
C544	PF00544	super_5	3348131	3369476	2	0	26
C545	PF00550	super_10	1220541	1227141	2	2	23
C546	PF00557	super_240	254989	289726	2	2	579
C547	PF00560	super_91	467446	667070	2	19	2578
C548	PF00560	super_43	327813	366442	2	5	623
C549	PF00560	super_40	2287280	2376819	2	4	223
C550	PF00560	super_293	183651	206706	2	0	398
C551	PF00560	super_283	15240	39031	2	0	725
C552	PF00560	super_83	1136125	1281451	2	10	917
C553	PF00560	super_19	2753086	2875360	2	10	236
C554	PF00560	super_189	137108	149792	2	0	203
C555	PF00560	super_17	867641	1301504	5	17	3226
C556	PF00560	super_148	681452	732067	2	4	552
C557	PF00560	super_11	2340319	2371552	2	0	62
C558	PF00560	super_245	32399	168178	2	9	3411
C559	PF00561	super_147	232469	325457	2	5	1638
C560	PF00561	super_42	712686	783050	2	3	689
C561	PF00565	super_115	945460	962139	2	0	117
C562	PF00571	super_38	1720833	1880835	2	7	673
C563	PF00571	super_156	416929	451438	2	3	450
C564	PF00574	super_136	737680	801268	2	3	588
C565	PF00575	super_180	194362	291623	2	2	1848
C566	PF00578	super_118	68958	129040	2	4	1468
C567	PF00583	super_56	303032	313220	2	0	109
C568	PF00588	super_416	21	72316	2	1	2441
C569	PF00622	super_32	836203	912549	2	1	690
C570	PF00628	super_122	601542	706638	2	7	1243
C571	PF00628	super_134	501860	584409	2	4	1057
C572	PF00638	super_5	3910127	3979432	2	2	54
C573	PF00641	super_28	1336153	1345364	2	2	37
C574	PF00642	super_145	24978	152293	2	12	3295
C575	PF00642	super_64	308538	459138	2	15	2441
C576	PF00646	super_11	3191393	3584560	3	29	580
C577	PF00646	super_114	163781	298869	2	6	2670
C578	PF00646	super_13	2950664	3102113	2	9	243
C579	PF00650	super_89	875949	1002299	2	9	1064
C580	PF00651	super_1	470925	666730	3	17	2519
C581	PF00651	super_94	503182	711216	2	12	2593
C582	PF00657	super_83	195882	267537	4	2	1352
C583	PF00657	super_7	3080573	3089290	2	1	4	set(['Sphfalx0018s0224', 'Sphfalx0007s0184', 'Sphfalx0009s0218', 'Sphfalx0014s0202'])	0.2448606093912503	set([])	-0.24094548135493302
C584	PF00657	super_221	384182	392488	2	0	84
C585	PF00657	super_5	3419568	3477506	3	3	80
C586	PF00664	super_9	4109099	4220187	2	8	81
C587	PF00665	super_345	21063	127203	2	8	2873
C588	PF00665	super_3	3627943	3665478	4	0	44
C589	PF00665	super_302	211037	217845	2	0	82
C590	PF00665	super_319	1149	63078	2	1	2022
C591	PF00665	super_34	2472832	2493516	3	0	42
C592	PF00665	super_391	531	28510	2	1	1053
C593	PF00665	super_73	1045489	1055416	2	0	44
C594	PF00665	super_5	82169	255293	3	9	3849
C595	PF00665	super_50	1294774	1529232	2	10	1315
C596	PF00665	super_567	3185	18812	2	1	547
C597	PF00665	super_58	1376242	1467271	2	4	493
C598	PF00665	super_61	1797887	1809815	3	0	38
C599	PF00665	super_282	8497	86386	4	4	2343
C600	PF00665	super_463	40943	50233	2	0	170
C601	PF00665	super_241	95809	144510	5	0	1094
C602	PF00665	super_139	749355	825022	2	3	699
C603	PF00665	super_22	645559	839540	2	9	2049
C604	PF00665	super_1	5452786	5483933	3	2	17
C605	PF00665	super_1	6710180	6719692	2	0	2	set(['Sphfalx0000s0432', 'Sphfalx0001s0439'])	0.4682503147553264	set([])	0
C606	PF00665	super_10	2499581	2509691	2	1	9	set(['Sphfalx0018s0183', 'Sphfalx0034s0190', 'Sphfalx0036s0165', 'Sphfalx0000s0187', 'Sphfalx0004s0160', 'Sphfalx0010s0165', 'Sphfalx0025s0188', 'Sphfalx0010s0166', 'Sphfalx0035s0161'])	0.41852665028879554	set([])	-0.296221709248547
C607	PF00665	super_107	121730	351175	3	8	4557
C608	PF00665	super_118	878116	928325	3	2	423
C609	PF00665	super_13	436863	556268	2	6	1663
C610	PF00665	super_114	822564	1011753	5	5	1645
C611	PF00665	super_143	225798	317734	2	4	1650
C612	PF00665	super_147	453530	486918	2	1	432
C613	PF00665	super_160	357055	369309	2	0	164
C614	PF00665	super_188	197305	339289	3	8	2619
C615	PF00665	super_21	734854	746341	2	0	75
C616	PF00665	super_23	1513701	1763443	2	19	1130
C617	PF00684	super_24	1077062	1111727	3	1	216
C618	PF00684	super_97	1006791	1028546	2	0	131
C619	PF00689	super_74	973999	1021040	2	0	340
C620	PF00690	super_74	973999	1021040	2	0	340
C621	PF00692	super_42	557670	678617	2	14	1457
C622	PF00702	super_74	973999	1021040	2	0	340
C623	PF00704	super_97	1166240	1180758	2	0	71
C624	PF00704	super_134	871621	878382	2	0	30
C625	PF00722	super_105	569153	725660	3	7	1870
C626	PF00722	super_158	644259	659537	2	0	123
C627	PF00722	super_21	86790	185540	4	2	2270
C628	PF00722	super_22	1470631	1579058	2	0	521
C629	PF00722	super_251	28627	88580	2	1	1614
C630	PF00722	super_7	2907628	2918535	2	0	17
C631	PF00722	super_92	414770	442940	2	0	359
C632	PF00724	super_611	3	12942	2	0	577
C633	PF00724	super_3	4706735	4736999	2	0	13
C634	PF00724	super_22	1741896	1796240	3	4	227
C635	PF00724	super_2	5488749	5524796	2	2	11
C636	PF00732	super_64	557602	571089	2	0	139
C637	PF00733	super_185	336108	373490	2	0	609
C638	PF00790	super_271	18156	185522	2	13	4325
C639	PF00795	super_20	3185170	3223952	2	1	49
C640	PF00808	super_164	607761	636149	2	0	300
C641	PF00808	super_90	162067	373374	2	14	4027
C642	PF00847	super_5	2265043	2449259	2	8	486
C643	PF00847	super_43	1754900	1838134	2	7	332
C644	PF00847	super_75	1068122	1250692	2	12	1208
C645	PF00847	super_61	510144	516520	2	0	44
C646	PF00847	super_28	668219	881100	2	17	2170
C647	PF00847	super_79	1169867	1228987	3	0	357
C648	PF00847	super_24	1820777	1947168	3	1	473
C649	PF00847	super_180	189453	300777	2	4	2117
C650	PF00847	super_20	206550	429756	3	17	3976
C651	PF00847	super_24	2473190	2621820	2	10	322
C652	PF00847	super_23	2281469	2289129	2	0	14
C653	PF00847	super_21	1689914	1733434	2	3	171
C654	PF00856	super_99	46405	272150	2	6	5163
C655	PF00860	super_13	1385623	1478067	2	3	493
C656	PF00891	super_354	65095	105810	2	2	1013
C657	PF00891	super_52	437298	450416	2	0	144
C658	PF00891	super_52	1271603	1334902	4	4	366
C659	PF00891	super_93	223959	249927	2	0	461
C660	PF00892	super_125	407850	772843	4	32	4667
C661	PF00892	super_267	78462	113501	2	0	811
C662	PF00900	super_85	213095	307421	2	6	1731
C663	PF00909	super_96	1130986	1148564	2	0	84
C664	PF00909	super_88	681406	703780	2	0	238
C665	PF00926	super_91	412068	486726	2	2	1053
C666	PF00929	super_9	1652385	1686592	2	2	137
C667	PF00931	super_341	7528	51601	2	4	1410
C668	PF00931	super_35	1504921	1594341	2	3	407
C669	PF00931	super_351	17690	24679	3	1	150
C670	PF00931	super_37	1956685	2187504	2	23	787
C671	PF00931	super_39	2060381	2096052	2	3	105
C672	PF00931	super_4	3577411	3638372	2	0	61
C673	PF00931	super_417	45031	76604	2	1	808
C674	PF00931	super_418	18735	76677	3	3	1685
C675	PF00931	super_91	469505	848769	4	32	4488
C676	PF00931	super_5	1476369	1545939	2	6	325
C677	PF00931	super_549	3013	17085	2	0	482
C678	PF00931	super_56	698834	945087	2	10	2365
C679	PF00931	super_74	1366921	1388030	2	1	110
C680	PF00931	super_79	22285	103811	2	6	2239
C681	PF00931	super_32	2063807	2088871	2	0	63
C682	PF00931	super_98	287771	330631	2	0	675
C683	PF00931	super_5	8276	25892	2	0	586
C684	PF00931	super_300	6691	129843	2	4	3520
C685	PF00931	super_92	254500	511258	2	12	4211
C686	PF00931	super_280	182549	249404	2	3	1332
C687	PF00931	super_12	3788203	3877019	2	3	85
C688	PF00931	super_136	16168	87330	3	2	2049
C689	PF00931	super_15	1628106	1938419	3	23	1288
C690	PF00931	super_152	27332	104240	4	5	2068
C691	PF00931	super_168	497024	538711	3	0	528
C692	PF00931	super_17	867641	1301504	4	18	3226
C693	PF00931	super_180	9965	20687	2	0	307
C694	PF00931	super_293	183651	206706	2	0	398
C695	PF00931	super_19	405439	582068	2	13	2475
C696	PF00931	super_198	486913	510326	2	1	302
C697	PF00931	super_21	2274769	2334316	2	2	162
C698	PF00931	super_23	469946	485661	2	0	175
C699	PF00931	super_230	22931	60272	2	0	999
C700	PF00931	super_25	2601834	2788364	4	10	384
C701	PF00931	super_264	148	140827	4	9	4139
C702	PF00931	super_265	54639	169949	2	11	2826
C703	PF00931	super_194	262627	280926	2	1	304
C704	PF00931	super_11	3148120	3162716	2	0	16
C705	PF00933	super_48	157569	170440	2	0	245
C706	PF00954	super_27	1626613	1685254	2	0	236
C707	PF00954	super_7	3166073	3208684	2	1	55
C708	PF00957	super_137	316150	324046	2	0	78
C709	PF00984	super_172	246830	265482	2	0	229
C710	PF01018	super_131	380576	610946	2	9	3243
C711	PF01031	super_11	1677961	1710014	2	2	123
C712	PF01031	super_167	277558	381857	2	6	1792
C713	PF01031	super_242	285398	308857	2	0	363
C714	PF01031	super_90	1261557	1284994	2	1	120
C715	PF01061	super_34	2173621	2287699	2	4	334
C716	PF01061	super_4	800191	826668	2	0	213
C717	PF01061	super_4	1162473	1189637	2	0	173
C718	PF01061	super_40	401531	427795	2	0	346
C719	PF01061	super_41	583749	638504	3	0	632
C720	PF01061	super_58	574236	710862	2	7	1627
C721	PF01070	super_177	487227	499338	2	0	137
C722	PF01073	super_120	260543	298295	2	1	647
C723	PF01095	super_64	924587	964776	2	1	339
C724	PF01095	super_7	517436	606334	2	1	1115
C725	PF01103	super_125	826743	874349	2	0	419
C726	PF01112	super_119	809668	833199	2	0	185
C727	PF01112	super_18	1467350	1472582	2	0	8	set(['Sphfalx0058s0093', 'Sphfalx0020s0118', 'Sphfalx0057s0094', 'Sphfalx0079s0108', 'Sphfalx0035s0095', 'Sphfalx0075s0097', 'Sphfalx0056s0107', 'Sphfalx0018s0114'])	0.3722400910764622	set([])	-0.4783824925935006
C728	PF01157	super_102	633720	718990	2	10	974
C729	PF01161	super_236	1253	222267	2	10	5859
C730	PF01161	super_43	822798	862556	2	0	349
C731	PF01168	super_152	221312	242973	2	2	383
C732	PF01184	super_87	81153	157406	3	1	1770
C733	PF01198	super_152	185111	199842	2	3	225
C734	PF01208	super_1	6598542	6623446	2	1	1
C735	PF01233	super_88	276360	280735	2	0	23
C736	PF01248	super_29	1978758	2236211	3	18	862
C737	PF01255	super_4	5318640	5337423	2	0	10	set(['Sphfalx0006s0390', 'Sphfalx0001s0339', 'Sphfalx0004s0367', 'Sphfalx0006s0389', 'Sphfalx0005s0372', 'Sphfalx0002s0355', 'Sphfalx0002s0356', 'Sphfalx0003s0385', 'Sphfalx0003s0384', 'Sphfalx0003s0386'])	0.476923156208824	set([])	-0.21477525817298584
C738	PF01329	super_64	1641483	1645106	2	1	4	set(['Sphfalx0064s0124', 'Sphfalx0017s0097', 'Sphfalx0029s0128', 'Sphfalx0064s0123'])	0.22026258949252017	set([])	0
C739	PF01336	super_30	1553381	1607206	2	2	241
C740	PF01344	super_14	3658031	3684603	2	0	23
C741	PF01344	super_106	86288	100530	2	0	273
C742	PF01344	super_13	70483	253814	2	16	4143
C743	PF01357	super_5	4164155	4194240	2	0	16
C744	PF01357	super_0	7934470	8077144	3	4	6	set(['Sphfalx0000s0528', 'Sphfalx0000s0529', 'Sphfalx0000s0533', 'Sphfalx0000s0532', 'Sphfalx0000s0531', 'Sphfalx0000s0530'])	0.31865638776999955	set([])	-0.12274325864662804
C745	PF01357	super_288	103711	145165	3	1	881
C746	PF01357	super_86	1246891	1326837	4	0	468
C747	PF01370	super_69	130817	225768	2	4	2025
C748	PF01370	super_38	332799	431184	6	5	1612
C749	PF01370	super_64	638146	646269	2	0	59
C750	PF01370	super_12	835381	894495	2	2	525
C751	PF01370	super_130	172720	201812	2	2	533
C752	PF01388	super_231	65074	75126	2	1	200
C753	PF01388	super_55	1308433	1332680	2	0	126
C754	PF01397	super_136	830109	868275	2	1	323
C755	PF01406	super_216	13620	74269	2	2	1791
C756	PF01419	super_450	4495	17587	2	0	424
C757	PF01419	super_42	1996586	2040590	2	0	136
C758	PF01419	super_382	35817	49500	2	0	293
C759	PF01419	super_376	62490	89255	2	1	663
C760	PF01419	super_105	1062069	1132588	3	3	490
C761	PF01419	super_144	2215	60982	3	3	1900
C762	PF01423	super_126	898905	930625	2	2	235
C763	PF01423	super_181	366850	445148	5	4	1193
C764	PF01423	super_20	1546812	1552424	2	0	12
C765	PF01426	super_105	1049963	1086967	3	1	272
C766	PF01426	super_144	17356	74956	3	3	1668
C767	PF01426	super_382	589	96883	2	9	3003
C768	PF01453	super_7	3166073	3208684	2	1	55
C769	PF01453	super_483	8370	12807	2	0	84
C770	PF01453	super_340	45113	143211	3	3	2461
C771	PF01453	super_27	1626613	1685254	2	0	236
C772	PF01453	super_223	8757	128626	5	3	3411
C773	PF01453	super_207	196146	238219	2	1	816
C774	PF01453	super_128	829609	914571	2	4	775
C775	PF01453	super_12	2454202	2680100	5	5	485
C776	PF01459	super_139	89461	275627	2	13	4022
C777	PF01466	super_96	141183	157425	2	0	275
C778	PF01476	super_159	13519	50036	2	0	1103
C779	PF01477	super_81	495065	542649	2	1	612
C780	PF01479	super_102	630127	702828	2	9	851
C781	PF01490	super_7	511110	571679	2	1	765
C782	PF01490	super_395	21518	49254	2	0	774
C783	PF01490	super_65	304103	388493	2	5	1421
C784	PF01490	super_193	382624	427462	2	0	659
C785	PF01490	super_362	81118	118530	4	0	873
C786	PF01494	super_143	99465	213170	3	6	2541
C787	PF01494	super_24	1429901	1477160	4	0	223
C788	PF01494	super_31	920362	934390	2	0	100
C789	PF01496	super_207	73662	188645	2	7	2704
C790	PF01501	super_166	373192	468429	2	5	1433
C791	PF01529	super_18	3025036	3046287	2	0	27
C792	PF01535	super_29	453504	556496	2	11	1412
C793	PF01535	super_29	2043698	2253554	2	14	674
C794	PF01535	super_30	1448233	1764657	3	17	1470
C795	PF01535	super_97	142470	203062	2	5	1278
C796	PF01535	super_411	13	62163	4	0	2142
C797	PF01535	super_43	1274166	1303784	2	2	163
C798	PF01535	super_5	5219145	5256055	2	3	15
C799	PF01535	super_55	547232	565666	2	2	199
C800	PF01535	super_71	652275	793867	3	4	1530
C801	PF01535	super_59	106719	119171	2	2	196
C802	PF01535	super_7	3122917	3345519	2	14	341
C803	PF01535	super_8	3457932	3621835	2	10	214
C804	PF01535	super_8	4207691	4499875	4	16	209
C805	PF01535	super_85	11949	248011	2	16	5894
C806	PF01535	super_90	1225887	1277421	2	2	313
C807	PF01535	super_55	1596829	1635349	3	1	159
C808	PF01535	super_27	2337355	2704522	3	30	838
C809	PF01535	super_36	308563	345212	2	2	558
C810	PF01535	super_25	2596993	2779557	3	11	378
C811	PF01535	super_0	4621532	4742146	3	6	66
C812	PF01535	super_0	8217895	8403729	3	10	12
C813	PF01535	super_108	288458	418727	2	6	2181
C814	PF01535	super_12	3178008	3308957	2	9	195
C815	PF01535	super_13	1712292	1922259	2	11	863
C816	PF01535	super_141	534566	570474	2	2	424
C817	PF01535	super_15	276634	286562	2	1	105
C818	PF01535	super_106	920877	968235	2	4	386
C819	PF01535	super_189	254152	537541	3	15	4577
C820	PF01535	super_170	549859	619616	2	6	853
C821	PF01535	super_242	271379	281493	2	0	125
C822	PF01535	super_24	2651389	2941522	3	27	559
C823	PF01535	super_26	2306136	2307910	2	0	2	set(['Sphfalx0033s0164', 'Sphfalx0026s0164'])	0	set([])	0
C824	PF01535	super_238	105033	354624	2	28	5007
C825	PF01535	super_21	773810	1021038	3	15	2196
C826	PF01535	super_19	2676731	2869209	3	14	376
C827	PF01535	super_24	1280350	1402733	2	6	711
C828	PF01536	super_111	261874	287806	2	2	429
C829	PF01541	super_0	9257280	9284635	2	1	1
C830	PF01545	super_279	71261	80649	2	0	156
C831	PF01554	super_24	1992307	2017874	2	0	90
C832	PF01556	super_19	3203127	3264173	2	3	93
C833	PF01556	super_24	1077062	1111727	3	1	216
C834	PF01556	super_97	1006791	1028546	2	0	131
C835	PF01565	super_63	381472	390713	2	0	94
C836	PF01578	super_234	16316	19192	2	0	27
C837	PF01582	super_56	698834	945087	2	10	2365
C838	PF01582	super_74	1368230	1388030	2	0	96
C839	PF01582	super_48	1029729	1209792	4	9	1259
C840	PF01582	super_265	31814	229005	5	13	4762
C841	PF01582	super_3	4934979	5200572	3	20	128
C842	PF01585	super_85	613232	653808	2	2	428
C843	PF01593	super_0	7360429	7422527	2	0	1
C844	PF01593	super_170	272890	299601	2	0	407
C845	PF01643	super_65	1639602	1662276	2	0	83
C846	PF01676	super_137	311090	335995	2	2	352
C847	PF01680	super_305	72149	74800	2	0	14
C848	PF01698	super_70	1241953	1247492	2	0	11
C849	PF01704	super_30	1237258	1247200	2	1	39
C850	PF01734	super_110	283317	504506	5	6	3570
C851	PF01734	super_121	840066	945688	2	3	944
C852	PF01734	super_96	625604	672805	2	3	510
C853	PF01738	super_141	60011	100470	4	0	1017
C854	PF01762	super_57	1469027	1534159	2	8	315
C855	PF01764	super_17	143392	389574	2	20	4743
C856	PF01764	super_213	143275	202487	2	4	1242
C857	PF01780	super_16	2241357	2245563	2	0	3	set(['Sphfalx0008s0126', 'Sphfalx0016s0173', 'Sphfalx0003s0176'])	0.5863235092422346	set([])	0
C858	PF01789	super_62	641081	837058	2	12	2078
C859	PF01852	super_8	4427856	4463122	2	1	20
C860	PF01915	super_48	157569	170440	2	0	245
C861	PF01926	super_0	9078770	9158695	2	1	2	set(['Sphfalx0000s0598', 'Sphfalx0000s0597'])	0.09524828232993199	set([])	0
C862	PF01926	super_106	440612	687399	2	21	3239
C863	PF01926	super_131	380576	610946	2	9	3243
C864	PF01926	super_24	1323167	1395989	2	4	433
C865	PF01926	super_39	731499	743546	2	0	90
C866	PF01926	super_40	522672	764285	3	20	2880
C867	PF02115	super_131	7532	16346	2	0	256
C868	PF02115	super_29	1944118	1959853	2	0	49
C869	PF02133	super_4	5271531	5506811	2	22	133
C870	PF02136	super_21	2712639	2722339	2	0	6	set(['Sphfalx0014s0177', 'Sphfalx0007s0153', 'Sphfalx0021s0171', 'Sphfalx0016s0213', 'Sphfalx0024s0158', 'Sphfalx0030s0185'])	0.46894312242982045	set([])	0
C871	PF02182	super_6	5222851	5431698	2	19	113
C872	PF02183	super_0	10187526	10285464	2	1	2	set([])	0	set(['Sphfalx0000s0670', 'Sphfalx0000s0669'])	-0.21764146801823603
C873	PF02183	super_1	1192522	1416136	2	5	1349
C874	PF02183	super_219	159810	196011	2	0	755
C875	PF02183	super_23	690303	803271	2	2	1155
C876	PF02183	super_71	1457656	1498320	2	1	196
C877	PF02190	super_17	1425333	1672379	2	13	1178
C878	PF02207	super_138	743927	852956	2	5	1019
C879	PF02207	super_21	280486	438663	2	2	2628
C880	PF02212	super_242	285398	308857	2	0	363
C881	PF02212	super_90	1261557	1284994	2	1	120
C882	PF02212	super_11	1677961	1710014	2	2	123
C883	PF02212	super_167	277558	381857	2	6	1792
C884	PF02225	super_235	147436	282922	2	8	2766
C885	PF02338	super_234	76078	151219	2	4	1755
C886	PF02362	super_105	595092	685799	2	2	1069
C887	PF02362	super_265	10337	109597	3	9	2882
C888	PF02450	super_105	64977	226097	2	8	3751
C889	PF02458	super_3	2182487	2194623	2	0	27
C890	PF02466	super_0	4609570	4713348	2	4	62
C891	PF02469	super_27	2101064	2333954	2	8	704
C892	PF02469	super_36	118389	134373	2	0	298
C893	PF02469	super_65	631878	645246	2	0	115
C894	PF02485	super_173	228412	236940	2	0	102
C895	PF02485	super_7	1527738	1577870	2	3	219
C896	PF02496	super_89	655484	670432	2	0	139
C897	PF02496	super_227	8338	25769	2	0	576
C898	PF02496	super_15	646404	762460	7	9	1283
C899	PF02496	super_119	185727	423661	9	14	4305
C900	PF02496	super_21	31380	48087	2	0	386
C901	PF02507	super_6	555356	575334	2	1	226
C902	PF02517	super_26	2143218	2374379	2	18	664
C903	PF02518	super_10	1335228	1451586	2	12	654
C904	PF02518	super_44	1165850	1282988	2	7	727
C905	PF02519	super_0	6441072	6446864	2	0	1
C906	PF02519	super_12	1942681	1947613	2	0	9	set(['Sphfalx0045s0118', 'Sphfalx0003s0151', 'Sphfalx0000s0140', 'Sphfalx0015s0154', 'Sphfalx0012s0134', 'Sphfalx0026s0131', 'Sphfalx0005s0136', 'Sphfalx0029s0147', 'Sphfalx0024s0110'])	0.5088620767501164	set([])	-0.22656912056193515
C907	PF02519	super_243	9274	13359	2	0	75
C908	PF02668	super_226	164101	180612	2	0	301
C909	PF02671	super_15	2866039	2944580	2	6	141
C910	PF02701	super_30	2651498	2705671	2	0	100
C911	PF02701	super_54	314520	336301	2	0	310
C912	PF02701	super_33	1732864	1819137	2	0	375
C913	PF02701	super_240	180957	199598	2	0	311
C914	PF02701	super_29	1483538	1511107	2	0	116
C915	PF02705	super_105	265907	345003	2	6	1352
C916	PF02777	super_12	3775365	3813768	2	1	39
C917	PF02777	super_19	1368612	1507039	2	3	748
C918	PF02797	super_207	278352	340163	2	1	1006
C919	PF02797	super_57	809967	854667	2	2	390
C920	PF02798	super_513	12799	24786	2	0	353
C921	PF02798	super_51	264816	283373	2	0	293
C922	PF02798	super_56	1300820	1317794	2	0	70
C923	PF02798	super_163	89719	100405	2	1	173
C924	PF02798	super_5	3219610	3327626	5	1	167
C925	PF02798	super_76	803869	810145	2	0	28
C926	PF02799	super_88	276360	280735	2	0	23
C927	PF02874	super_92	739102	749498	2	0	58
C928	PF02887	super_73	726217	794085	2	2	633
C929	PF02984	super_156	629591	641178	2	2	90
C930	PF02992	super_0	7635976	7664884	2	3	3	set(['Sphfalx0000s0504', 'Sphfalx0000s0505', 'Sphfalx0000s0503'])	0.22942127413587568	set([])	0
C931	PF02992	super_0	8513860	8602457	3	4	6	set(['Sphfalx0000s0564', 'Sphfalx0000s0565', 'Sphfalx0000s0560', 'Sphfalx0000s0561', 'Sphfalx0000s0562', 'Sphfalx0000s0563'])	0.34914346975057753	set([])	-0.06377073140953982
C932	PF02992	super_103	751339	782214	2	4	258
C933	PF02992	super_139	3597	7056	2	0	55
C934	PF02992	super_14	2991453	3011875	2	3	31
C935	PF02992	super_160	504504	539580	2	2	436
C936	PF02992	super_190	14210	193876	3	7	4650
C937	PF02992	super_274	246050	281436	2	0	573
C938	PF02992	super_30	289436	292379	2	0	10	set(['Sphfalx0241s0020', 'Sphfalx0030s0018', 'Sphfalx0035s0028', 'Sphfalx0164s0015', 'Sphfalx0046s0024', 'Sphfalx0178s0021', 'Sphfalx0152s0031', 'Sphfalx0001s0019', 'Sphfalx0261s0018', 'Sphfalx0097s0021'])	0.2943513492294963	set([])	-0.14975986075143746
C939	PF02992	super_57	322884	516195	2	6	3041
C940	PF03007	super_101	1029461	1073158	2	4	322
C941	PF03016	super_118	198634	229496	2	0	592
C942	PF03016	super_128	236176	399265	2	7	2868
C943	PF03016	super_43	1178618	1218971	2	1	231
C944	PF03016	super_44	2135991	2163530	2	1	82
C945	PF03018	super_11	640091	675487	2	5	385
C946	PF03018	super_314	33845	132083	9	0	2535
C947	PF03055	super_16	3157261	3338073	5	2	266
C948	PF03080	super_39	13	13005	2	0	563
C949	PF03083	super_5	1125091	1127827	2	0	4	set(['Sphfalx0005s0075', 'Sphfalx0017s0065', 'Sphfalx0098s0085'])	0.26667515195387925	set(['Sphfalx0048s0068'])	-0.367840842764273
C950	PF03105	super_181	555876	598492	2	0	498
C951	PF03105	super_305	153727	190488	2	0	771
C952	PF03105	super_96	116584	168268	2	6	1118
C953	PF03106	super_71	418483	565311	2	1	2047
C954	PF03110	super_70	378294	408306	2	1	423
C955	PF03110	super_1	2006361	2022359	2	0	43
C956	PF03110	super_46	1907367	1942386	2	0	114
C957	PF03124	super_305	153727	190488	2	0	771
C958	PF03127	super_271	18156	185522	2	13	4325
C959	PF03134	super_4	2743046	2790975	2	4	99
C960	PF03140	super_111	861836	997929	7	1	1157
C961	PF03140	super_136	394326	509610	4	1	1669
C962	PF03140	super_47	699613	713569	2	0	111
C963	PF03140	super_51	643392	695220	3	2	583
C964	PF03143	super_5	233412	276419	2	1	738
C965	PF03144	super_16	2939183	3148829	2	13	342
C966	PF03144	super_17	1650248	1701158	2	2	202
C967	PF03144	super_5	233412	276419	2	1	738
C968	PF03168	super_94	288601	309212	2	0	302
C969	PF03168	super_58	170426	177619	2	0	79
C970	PF03169	super_278	161072	199300	2	0	782
C971	PF03169	super_9	3133310	3137698	2	0	1
C972	PF03171	super_403	23986	73542	2	3	1364
C973	PF03171	super_60	484248	533293	2	1	670
C974	PF03171	super_57	1423355	1519955	2	10	487
C975	PF03171	super_4	4249661	4264441	2	1	9	set(['Sphfalx0004s0290', 'Sphfalx0009s0296', 'Sphfalx0007s0266', 'Sphfalx0002s0274', 'Sphfalx0002s0275', 'Sphfalx0004s0289', 'Sphfalx0003s0311', 'Sphfalx0006s0324', 'Sphfalx0006s0325'])	0.5630554619253217	set([])	-0.17936078411015735
C976	PF03171	super_75	426782	634255	2	7	2784
C977	PF03171	super_25	751392	772573	2	1	172
C978	PF03171	super_171	189904	245410	2	5	1100
C979	PF03171	super_152	224838	245758	2	2	372
C980	PF03171	super_127	557399	575305	2	0	197
C981	PF03171	super_37	794762	828978	3	1	305
C982	PF03184	super_77	11136	54749	2	3	1329
C983	PF03184	super_40	2093215	2192415	2	6	324
C984	PF03184	super_0	527114	571504	2	3	539
C985	PF03188	super_166	281409	303261	2	0	328
C986	PF03222	super_5	1236858	1285043	2	1	283
C987	PF03254	super_0	10452253	10461918	2	0	1
C988	PF03254	super_132	478240	587309	4	4	1455
C989	PF03297	super_228	239254	270501	3	0	489
C990	PF03330	super_0	7934470	8077144	3	4	6	set(['Sphfalx0000s0528', 'Sphfalx0000s0529', 'Sphfalx0000s0533', 'Sphfalx0000s0532', 'Sphfalx0000s0531', 'Sphfalx0000s0530'])	0.31865638776999955	set([])	-0.12274325864662804
C991	PF03330	super_169	181482	193382	3	0	160
C992	PF03330	super_20	2859465	2917421	3	2	105
C993	PF03330	super_288	103711	145165	3	1	881
C994	PF03330	super_5	4164155	4194240	2	0	16
C995	PF03330	super_86	1246891	1326837	4	0	468
C996	PF03358	super_65	815091	832685	2	0	126
C997	PF03407	super_45	67256	133841	3	1	1630
C998	PF03407	super_132	374615	508760	4	6	2006
C999	PF03468	super_82	403902	567692	2	14	2320
C1000	PF03469	super_82	403902	567692	2	14	2320
C1001	PF03473	super_268	244640	273187	2	0	427
C1002	PF03476	super_268	244640	273187	2	0	427
C1003	PF03492	super_23	1843788	1863124	2	0	60
C1004	PF03492	super_39	341660	457629	2	8	1859
C1005	PF03492	super_78	480240	610218	5	0	1711
C1006	PF03514	super_1	4735075	4850566	2	1	65
C1007	PF03514	super_1	6218701	6277701	2	3	10	set(['Sphfalx0000s0407', 'Sphfalx0000s0406', 'Sphfalx0000s0405', 'Sphfalx0002s0428', 'Sphfalx0002s0427', 'Sphfalx0001s0406', 'Sphfalx0002s0429', 'Sphfalx0001s0407', 'Sphfalx0001s0408', 'Sphfalx0001s0409'])	0.4818332740547592	set([])	-0.4502715406393468
C1008	PF03514	super_41	2072362	2109566	2	0	116
C1009	PF03514	super_67	1084985	1193439	2	6	725
C1010	PF03600	super_82	1173289	1180781	2	0	24
C1011	PF03652	super_65	221146	236873	2	1	260
C1012	PF03720	super_172	246830	265482	2	0	229
C1013	PF03721	super_172	246830	265482	2	0	229
C1014	PF03732	super_1	6710180	6719692	2	0	2	set(['Sphfalx0000s0432', 'Sphfalx0001s0439'])	0.4682503147553264	set([])	0
C1015	PF03732	super_158	399022	412773	2	0	152
C1016	PF03781	super_31	207017	766414	5	30	8296
C1017	PF03798	super_18	512163	720034	2	21	2569
C1018	PF03807	super_16	2405560	2494510	4	5	226
C1019	PF03931	super_96	141183	157425	2	0	275
C1020	PF03936	super_136	830109	868275	2	1	323
C1021	PF03936	super_197	163712	187271	2	1	465
C1022	PF03946	super_43	278942	357386	2	8	1307
C1023	PF03951	super_16	410972	429027	2	0	222
C1024	PF03951	super_239	265269	283068	2	0	281
C1025	PF03953	super_35	1459105	1487079	3	0	135
C1026	PF03953	super_161	152943	165878	2	0	232
C1027	PF03953	super_0	1641091	1664174	3	0	81
C1028	PF03999	super_0	480922	500487	2	1	252
C1029	PF04057	super_39	2167254	2175705	2	1	13
C1030	PF04096	super_8	1773349	1830974	2	3	218
C1031	PF04109	super_11	3674010	3695170	2	0	13
C1032	PF04321	super_120	260543	298295	2	1	647
C1033	PF04408	super_180	194362	291623	2	2	1848
C1034	PF04438	super_59	139975	232686	2	1	1978
C1035	PF04525	super_15	2284410	2287463	2	0	2	set(['Sphfalx0030s0153', 'Sphfalx0015s0179'])	0.07148495546082739	set([])	0
C1036	PF04525	super_17	2005229	2157300	6	4	495
C1037	PF04525	super_51	157946	225869	2	6	1434
C1038	PF04535	super_2	2337003	2358731	2	0	42
C1039	PF04535	super_66	827242	873948	2	1	408
C1040	PF04564	super_94	781688	818889	2	1	334
C1041	PF04564	super_152	335739	538190	2	16	3112
C1042	PF04576	super_145	439698	465426	2	0	338
C1043	PF04576	super_99	1015215	1031762	2	0	92
C1044	PF04577	super_72	1436831	1461803	2	1	107
C1045	PF04577	super_95	72291	80959	2	0	142
C1046	PF04749	super_29	694705	822721	3	8	1293
C1047	PF04784	super_2	1082080	1163759	2	4	533
C1048	PF04784	super_79	472884	579153	2	6	1425
C1049	PF04795	super_59	139975	232686	2	1	1978
C1050	PF04833	super_52	1767223	1786839	2	0	63
C1051	PF04845	super_363	26505	120673	2	2	2506
C1052	PF04851	super_225	197395	388095	2	14	3498
C1053	PF04885	super_140	452057	487216	9	2	453
C1054	PF05018	super_16	1817734	1825714	2	0	13
C1055	PF05050	super_119	541137	588658	3	2	566
C1056	PF05056	super_454	5542	47984	3	1	1389
C1057	PF05057	super_127	668299	803281	2	12	1436
C1058	PF05057	super_325	9510	20651	2	0	325
C1059	PF05057	super_35	1567123	1594341	2	2	110
C1060	PF05057	super_366	8117	50254	2	1	1353
C1061	PF05057	super_60	1294305	1310573	2	0	83
C1062	PF05057	super_91	734462	932038	2	15	1848
C1063	PF05078	super_21	2116486	2145564	3	0	80
C1064	PF05078	super_3	4241496	4255868	2	0	10	set(['Sphfalx0004s0287', 'Sphfalx0009s0296', 'Sphfalx0006s0323', 'Sphfalx0007s0265', 'Sphfalx0004s0288', 'Sphfalx0003s0311', 'Sphfalx0010s0282', 'Sphfalx0006s0322', 'Sphfalx0008s0242', 'Sphfalx0000s0285'])	0.5286028673305482	set([])	-0.235541345514251
C1065	PF05199	super_64	557602	571089	2	0	139
C1066	PF05217	super_341	12372	134766	3	11	3392
C1067	PF05368	super_12	857057	894495	2	1	324
C1068	PF05368	super_85	514436	526796	2	0	130
C1069	PF05368	super_0	8823731	8837499	2	0	1
C1070	PF05637	super_102	495261	532840	2	3	485
C1071	PF05637	super_53	1628544	1655081	2	0	91
C1072	PF05641	super_105	1049963	1123077	4	2	526
C1073	PF05641	super_382	589	96883	3	8	3003
C1074	PF05729	super_0	11057937	11083956	2	0	1
C1075	PF05729	super_171	74485	109574	2	0	838
C1076	PF05729	super_265	31814	229005	4	14	4762
C1077	PF05729	super_48	1029729	1136286	3	3	774
C1078	PF05755	super_20	1268965	1329440	2	1	342
C1079	PF05922	super_22	442195	673286	2	22	3043
C1080	PF05922	super_4	5421264	5435821	2	0	7	set(['Sphfalx0006s0399', 'Sphfalx0001s0347', 'Sphfalx0003s0390', 'Sphfalx0004s0376', 'Sphfalx0002s0368', 'Sphfalx0002s0369', 'Sphfalx0000s0359'])	0.3362804356546727	set([])	-0.23858457942059977
C1081	PF05938	super_76	478154	483823	2	0	26
C1082	PF05938	super_167	434725	455576	2	0	251
C1083	PF05938	super_109	354656	380320	2	1	411
C1084	PF05938	super_164	268406	315834	4	3	809
C1085	PF05970	super_38	1607371	1698546	2	4	373
C1086	PF05970	super_34	2263335	2422260	2	11	428
C1087	PF05970	super_35	204911	430979	3	9	4028
C1088	PF05970	super_35	2404598	2450006	2	4	122
C1089	PF05970	super_42	459608	650498	2	19	2499
C1090	PF05970	super_32	130716	161322	2	2	591
C1091	PF05970	super_55	1767700	1858773	2	8	347
C1092	PF05970	super_66	157126	396146	2	18	4560
C1093	PF05970	super_7	4499177	4606386	2	8	72
C1094	PF05970	super_9	260879	490580	2	22	3803
C1095	PF05970	super_95	231776	462721	3	11	3915
C1096	PF05970	super_52	1749704	1874501	2	9	521
C1097	PF05970	super_312	1099	104572	2	6	3183
C1098	PF05970	super_149	186625	242875	2	3	1118
C1099	PF05970	super_294	98900	236012	2	12	3042
C1100	PF05970	super_11	577665	579761	2	0	5	set(['Sphfalx0166s0039', 'Sphfalx0011s0037', 'Sphfalx0166s0040', 'Sphfalx0132s0032', 'Sphfalx0115s0039'])	0.15051884232067866	set([])	-0.1977308242327746
C1101	PF05970	super_131	752423	754825	2	0	2	set(['Sphfalx0064s0057', 'Sphfalx0131s0050'])	0.08192997393591325	set([])	0
C1102	PF05970	super_134	341844	476367	2	4	2129
C1103	PF05970	super_161	528005	694172	3	7	2042
C1104	PF05970	super_174	479878	483064	2	0	7	set(['Sphfalx0124s0032', 'Sphfalx0160s0017', 'Sphfalx0078s0037', 'Sphfalx0134s0030', 'Sphfalx0198s0033', 'Sphfalx0174s0014', 'Sphfalx0140s0038'])	0.25579331449273013	set([])	-0.12670831822435533
C1105	PF05970	super_3	3509159	3832052	3	20	364
C1106	PF05970	super_2	508991	577789	2	4	877
C1107	PF05970	super_208	299602	424497	2	14	2071
C1108	PF05970	super_182	522051	528326	2	0	43
C1109	PF05970	super_229	88738	191022	2	6	2328
C1110	PF05970	super_27	1768225	1991539	2	17	857
C1111	PF05970	super_29	1903295	1908396	2	0	4	set(['Sphfalx0035s0122', 'Sphfalx0016s0150', 'Sphfalx0029s0146', 'Sphfalx0011s0124'])	0.1675150069308457	set([])	-0.20880970290921533
C1112	PF05990	super_135	177631	223770	2	0	923
C1113	PF06241	super_154	243021	372654	2	8	2250
C1114	PF06273	super_46	1034892	1120098	2	2	619
C1115	PF06293	super_36	1439297	1511762	2	0	348
C1116	PF06351	super_293	135921	164701	3	0	585
C1117	PF06351	super_142	393575	460930	2	4	962
C1118	PF06415	super_137	311090	335995	2	2	352
C1119	PF06747	super_56	554282	634498	2	5	979
C1120	PF06749	super_180	312196	358882	3	1	735
C1121	PF06760	super_131	154628	215757	2	1	1315
C1122	PF06760	super_57	1641560	1663672	2	0	75
C1123	PF06813	super_104	600351	625689	2	1	271
C1124	PF06839	super_9	1608408	1686592	2	5	319
C1125	PF06955	super_92	414770	442940	2	0	359
C1126	PF06955	super_251	28627	88580	2	1	1614
C1127	PF06955	super_22	1470631	1579058	2	0	521
C1128	PF06955	super_21	86790	185540	4	2	2270
C1129	PF06955	super_158	644259	659537	2	0	123
C1130	PF06955	super_105	569153	725660	3	7	1870
C1131	PF06974	super_101	1029461	1073158	2	4	322
C1132	PF06978	super_82	897754	929724	2	0	237
C1133	PF06991	super_98	286249	386541	2	8	1711
C1134	PF07004	super_236	245193	249969	2	0	28
C1135	PF07058	super_94	977049	996147	2	0	126
C1136	PF07200	super_0	223161	268946	2	5	813
C1137	PF07250	super_9	2312001	2365069	2	0	132
C1138	PF07250	super_289	89840	134443	2	1	1015
C1139	PF07250	super_135	500983	553547	3	0	662
C1140	PF07250	super_12	1613603	1677600	2	0	259
C1141	PF07250	super_247	112669	272810	2	8	3360
C1142	PF07367	super_134	133260	160866	2	0	529
C1143	PF07367	super_151	725750	734668	2	0	60
C1144	PF07367	super_271	60387	68554	2	0	144
C1145	PF07367	super_360	32912	97538	2	5	1697
C1146	PF07645	super_14	2498672	2583236	2	1	181
C1147	PF07690	super_4	3810000	3960555	3	5	127
C1148	PF07690	super_28	2290892	2306510	2	1	24
C1149	PF07690	super_3	2117284	2221853	2	3	329
C1150	PF07690	super_12	2752091	2819849	2	2	135
C1151	PF07690	super_0	9455439	9569589	3	3	5	set(['Sphfalx0000s0627', 'Sphfalx0000s0630', 'Sphfalx0000s0631', 'Sphfalx0000s0628'])	0.6635180678889806	set(['Sphfalx0000s0629'])	-0.45146012161551347
C1152	PF07707	super_1	641153	666730	2	4	251
C1153	PF07714	super_38	1852691	2068951	2	14	787
C1154	PF07714	super_37	494717	730031	4	8	2929
C1155	PF07714	super_37	16548	223134	2	11	5192
C1156	PF07714	super_36	1439297	1779038	4	19	1574
C1157	PF07714	super_36	954208	988109	2	2	231
C1158	PF07714	super_340	45113	143211	3	3	2461
C1159	PF07714	super_34	1590650	1808468	3	15	953
C1160	PF07714	super_34	941432	970281	2	1	207
C1161	PF07714	super_34	374730	430048	3	2	832
C1162	PF07714	super_334	4302	152406	4	1	4134
C1163	PF07714	super_326	115654	179450	2	5	1407
C1164	PF07714	super_266	112262	131177	2	1	348
C1165	PF07714	super_32	2451121	2668793	3	16	474
C1166	PF07714	super_318	5760	71146	2	4	2033
C1167	PF07714	super_31	1901804	1910862	2	0	16
C1168	PF07714	super_31	814943	1053291	5	20	2028
C1169	PF07714	super_300	162861	170751	2	0	124
C1170	PF07714	super_3	4124713	4232659	3	3	83
C1171	PF07714	super_283	27668	162628	2	8	3424
C1172	PF07714	super_275	114934	162738	2	4	1015
C1173	PF07714	super_274	14193	147883	2	12	3613
C1174	PF07714	super_271	11936	98235	2	7	2494
C1175	PF07714	super_4	31557	221488	5	5	4608
C1176	PF07714	super_322	143231	160656	2	0	293
C1177	PF07714	super_4	4007738	4238209	2	22	184
C1178	PF07714	super_40	1093727	1120336	2	2	159
C1179	PF07714	super_87	546962	820208	4	22	3111
C1180	PF07714	super_9	19697	171250	2	9	3959
C1181	PF07714	super_83	1136125	1287716	2	11	958
C1182	PF07714	super_8	670317	915140	3	17	2481
C1183	PF07714	super_75	712694	801983	2	7	884
C1184	PF07714	super_74	949857	1266472	4	20	2253
C1185	PF07714	super_71	1253801	1361643	2	9	651
C1186	PF07714	super_68	1208482	1256582	2	1	275
C1187	PF07714	super_67	9470	252488	4	19	6097
C1188	PF07714	super_65	1339882	1712125	3	24	1855
C1189	PF07714	super_4	1993796	2074150	2	4	261
C1190	PF07714	super_65	17	208550	3	17	5711
C1191	PF07714	super_59	1548097	1731080	2	16	807
C1192	PF07714	super_59	971478	1066123	2	9	710
C1193	PF07714	super_57	1641560	1663672	2	0	75
C1194	PF07714	super_53	1784983	1880658	2	2	384
C1195	PF07714	super_481	1537	17187	2	0	563
C1196	PF07714	super_48	1216372	1267477	2	1	295
C1197	PF07714	super_48	630775	812755	3	8	1975
C1198	PF07714	super_44	2157312	2175959	2	1	51
C1199	PF07714	super_43	1193461	1403063	5	11	1254
C1200	PF07714	super_42	1587252	1694230	2	4	451
C1201	PF07714	super_63	1544823	1567330	2	2	92
C1202	PF07714	super_84	58116	131866	2	0	1847
C1203	PF07714	super_262	26761	284525	2	9	6005
C1204	PF07714	super_26	407365	491566	2	5	1198
C1205	PF07714	super_14	3730606	3765874	2	1	37
C1206	PF07714	super_14	2498672	2583236	2	1	181
C1207	PF07714	super_14	515221	772912	2	15	3075
C1208	PF07714	super_138	713655	824592	2	4	1091
C1209	PF07714	super_137	151204	160936	2	0	131
C1210	PF07714	super_126	790821	956722	3	11	1530
C1211	PF07714	super_12	2454202	2680100	6	4	485
C1212	PF07714	super_117	177299	291072	2	4	2217
C1213	PF07714	super_115	634971	910605	3	27	2855
C1214	PF07714	super_109	874201	1107940	3	18	1888
C1215	PF07714	super_105	11630	131113	2	4	3324
C1216	PF07714	super_103	264440	412963	8	6	2565
C1217	PF07714	super_101	784419	1135074	8	18	2951
C1218	PF07714	super_10	5100	140269	4	2	3836
C1219	PF07714	super_1	5498015	5640492	2	10	53
C1220	PF07714	super_1	2756911	3157206	4	22	710
C1221	PF07714	super_1	294727	499249	2	10	3286
C1222	PF07714	super_0	9638028	9727226	2	9	10	set(['Sphfalx0000s0642', 'Sphfalx0000s0638', 'Sphfalx0000s0639', 'Sphfalx0000s0641', 'Sphfalx0000s0640', 'Sphfalx0000s0636', 'Sphfalx0000s0637', 'Sphfalx0000s0644', 'Sphfalx0000s0635', 'Sphfalx0000s0643'])	0.33793254096213177	set([])	-0.28786944429652017
C1223	PF07714	super_0	5057992	5143253	2	6	36
C1224	PF07714	super_0	157015	383166	3	19	4346
C1225	PF07714	super_26	2188550	2213429	2	1	63
C1226	PF07714	super_141	241562	674517	4	30	6501
C1227	PF07714	super_146	300576	624710	9	24	4825
C1228	PF07714	super_15	1628106	1938419	3	23	1288
C1229	PF07714	super_20	971018	1161583	2	7	1394
C1230	PF07714	super_23	1715874	1729669	3	1	43
C1231	PF07714	super_226	19417	222128	2	16	5077
C1232	PF07714	super_225	231926	344997	5	6	1978
C1233	PF07714	super_224	71745	282260	3	9	4639
C1234	PF07714	super_223	8757	126647	3	4	3353
C1235	PF07714	super_216	42474	91021	2	4	1270
C1236	PF07714	super_210	105128	195517	2	4	1998
C1237	PF07714	super_209	199369	320193	3	4	2264
C1238	PF07714	super_20	2904100	2906030	2	0	1
C1239	PF07714	super_15	3248999	3317712	2	2	100
C1240	PF07714	super_196	38495	127077	2	3	2275
C1241	PF07714	super_191	474328	528598	4	0	740
C1242	PF07714	super_19	2661119	2875360	2	16	418
C1243	PF07714	super_189	124852	180122	2	6	1197
C1244	PF07714	super_181	460324	478436	2	0	211
C1245	PF07714	super_175	302525	548092	2	18	3803
C1246	PF07714	super_163	2338	199392	2	15	5304
C1247	PF07714	super_162	432095	668861	2	19	3116
C1248	PF07714	super_161	52207	105629	2	1	1370
C1249	PF07714	super_159	13519	97994	2	4	2420
C1250	PF07714	super_152	148671	195990	5	2	1004
C1251	PF07714	super_235	18707	363284	4	17	7704
C1252	PF07714	super_245	134078	242029	2	7	2307
C1253	PF07717	super_180	194362	291623	2	2	1848
C1254	PF07722	super_29	601325	815730	2	15	2369
C1255	PF07724	super_353	70008	105818	2	1	872
C1256	PF07727	super_107	97377	351175	3	10	5169
C1257	PF07727	super_114	822564	1008381	3	6	1619
C1258	PF07727	super_118	878116	898960	2	1	176
C1259	PF07727	super_23	1513701	1763443	2	19	1130
C1260	PF07727	super_241	95809	105154	2	0	162
C1261	PF07727	super_282	8497	90734	3	6	2473
C1262	PF07727	super_3	3637807	3665478	3	0	29
C1263	PF07727	super_34	2472832	2493516	2	1	42
C1264	PF07727	super_41	112189	141848	2	1	602
C1265	PF07727	super_76	1142150	1324988	2	16	1133
C1266	PF07728	super_19	606413	766115	2	2	1809
C1267	PF07731	super_120	81166	107816	2	0	617
C1268	PF07731	super_22	1010736	1188996	2	7	1276
C1269	PF07748	super_43	1046304	1093894	2	6	346
C1270	PF07795	super_2	3512129	3566942	2	0	74
C1271	PF07842	super_85	613232	653808	2	2	428
C1272	PF07876	super_93	968964	995540	2	1	177
C1273	PF07883	super_62	11944	15917	2	0	68
C1274	PF07883	super_6	1067384	1083165	3	0	100
C1275	PF07883	super_563	552	8568	2	0	280
C1276	PF07883	super_27	774841	799305	3	0	207
C1277	PF07883	super_8	1963738	2082194	9	2	403
C1278	PF07883	super_236	138780	170513	3	0	671
C1279	PF07883	super_181	532907	603829	4	2	871
C1280	PF07883	super_176	566101	612830	5	3	552
C1281	PF07883	super_26	1761426	1777655	2	0	53
C1282	PF07887	super_77	152315	295626	7	3	2891
C1283	PF07910	super_109	663192	740987	3	5	888
C1284	PF07969	super_5	1120294	1218293	2	8	627
C1285	PF08071	super_85	213095	307421	2	6	1731
C1286	PF08100	super_354	65095	105810	2	2	1013
C1287	PF08100	super_52	437298	450416	2	0	144
C1288	PF08100	super_52	1271603	1334902	4	4	366
C1289	PF08100	super_93	223959	249927	2	0	461
C1290	PF08132	super_111	263337	289135	2	1	431
C1291	PF08238	super_191	497877	528598	3	0	392
C1292	PF08238	super_1	270460	301554	2	2	509
C1293	PF08240	super_0	7023023	7283288	3	17	19
C1294	PF08240	super_11	151257	168829	2	1	336
C1295	PF08240	super_140	354068	376109	2	0	333
C1296	PF08240	super_25	2571540	2824060	3	16	511
C1297	PF08240	super_70	733645	786348	7	1	481
C1298	PF08240	super_95	861087	1046834	2	17	1550
C1299	PF08244	super_31	634086	685066	3	0	563
C1300	PF08244	super_67	450978	489923	2	0	527
C1301	PF08244	super_73	162406	270065	3	2	2163
C1302	PF08263	super_29	2122326	2267272	2	10	443
C1303	PF08263	super_66	296959	302939	2	0	56
C1304	PF08263	super_43	327813	366442	3	4	623
C1305	PF08263	super_3	4124713	4440739	4	13	235
C1306	PF08263	super_275	114934	162738	2	4	1015
C1307	PF08263	super_180	572344	578553	2	0	38
C1308	PF08263	super_24	487841	621174	2	7	1738
C1309	PF08263	super_148	478932	732067	5	13	3192
C1310	PF08263	super_245	32399	284497	5	14	5803
C1311	PF08263	super_205	413628	464596	2	3	708
C1312	PF08263	super_215	78774	163447	2	6	1960
C1313	PF08276	super_27	1626613	1685254	2	0	236
C1314	PF08295	super_15	2866039	2944580	2	6	141
C1315	PF08370	super_40	401531	427795	2	0	346
C1316	PF08370	super_41	583749	638504	3	0	632
C1317	PF08370	super_58	574236	710862	2	7	1627
C1318	PF08417	super_281	167595	244943	4	5	1593
C1319	PF08423	super_146	220150	226178	2	0	59
C1320	PF08450	super_40	111108	148183	3	4	784
C1321	PF08477	super_20	2996733	3008879	2	0	15
C1322	PF08477	super_40	383643	498403	2	5	1696
C1323	PF08513	super_40	1187873	1204332	2	1	73
C1324	PF08541	super_31	1592519	1632270	2	0	168
C1325	PF08627	super_293	37159	45020	2	0	129
C1326	PF08659	super_22	269828	336265	3	1	1120
C1327	PF08659	super_8	1662532	1714870	2	2	213
C1328	PF08881	super_207	22125	133011	8	1	2972
C1329	PF08881	super_275	249462	275537	2	0	401
C1330	PF08911	super_5	3910127	3979432	2	2	54
C1331	PF09118	super_12	1613603	1677600	2	0	259
C1332	PF09118	super_135	500983	553547	3	0	662
C1333	PF09118	super_247	112669	272810	2	8	3360
C1334	PF09118	super_289	89840	134443	2	1	1015
C1335	PF09118	super_9	2312001	2365069	2	0	132
C1336	PF09173	super_17	1650248	1701158	2	2	202
C1337	PF09265	super_2	864183	868201	2	0	9	set(['Sphfalx0001s0063', 'Sphfalx0036s0059', 'Sphfalx0016s0061', 'Sphfalx0128s0067', 'Sphfalx0045s0050', 'Sphfalx0002s0071', 'Sphfalx0130s0062', 'Sphfalx0091s0070', 'Sphfalx0069s0055'])	0.3025518568698395	set([])	-0.35873768100136555
C1338	PF09337	super_1	6710180	6719692	2	0	2	set(['Sphfalx0000s0432', 'Sphfalx0001s0439'])	0.4682503147553264	set([])	0
C1339	PF09337	super_15	843855	884885	2	4	348
C1340	PF09337	super_160	357055	369309	2	0	164
C1341	PF09337	super_19	2810796	2822574	2	0	12
C1342	PF09337	super_22	645559	839540	2	9	2049
C1343	PF09337	super_304	77750	190689	3	3	2617
C1344	PF09337	super_337	17453	29968	2	0	341
C1345	PF09337	super_5	82169	94437	2	0	228
C1346	PF10017	super_31	266975	524273	3	14	4169
C1347	PF10067	super_6	932439	963256	4	0	241
C1348	PF10235	super_112	409632	426673	2	1	212
C1349	PF10237	super_130	169263	214665	3	5	906
C1350	PF10294	super_51	140826	241639	2	10	2139
C1351	PF11145	super_462	29	50512	3	0	1818
C1352	PF11145	super_0	8983312	9020449	2	0	1
C1353	PF11721	super_34	1756003	1808468	2	4	216
C1354	PF11937	super_72	1293571	1322047	2	0	141
C1355	PF11960	super_27	163882	182557	2	0	345
C1356	PF12142	super_48	1803331	1837922	2	2	117
C1357	PF12143	super_48	1803331	1837922	2	2	117
C1358	PF12296	super_193	486923	500454	2	0	164
C1359	PF12348	super_116	866589	889090	2	0	182
C1360	PF12457	super_85	613232	653808	2	2	428
C1361	PF12481	super_185	336108	373490	2	0	609
C1362	PF12515	super_74	973999	1021040	2	0	340
C1363	PF12695	super_88	218193	397103	2	9	3216
C1364	PF12695	super_43	382838	436983	3	3	792
C1365	PF12695	super_164	484233	496876	2	1	145
C1366	PF12695	super_266	135877	206911	2	5	1519
C1367	PF12697	super_3	810780	870189	2	3	525
C1368	PF12697	super_20	1575508	1586199	2	0	40
C1369	PF12697	super_6	2527677	2589194	2	5	136
C1370	PF12796	super_95	1079435	1207285	4	0	850
C1371	PF12796	super_65	557591	576945	2	1	214
C1372	PF12796	super_65	96491	122760	2	0	567
C1373	PF12796	super_558	22	21659	2	1	892
C1374	PF12796	super_341	110309	128773	2	3	358
C1375	PF12796	super_32	836203	1135373	3	16	2443
C1376	PF12796	super_316	61735	118099	2	1	1417
C1377	PF12796	super_4	2285733	2330021	2	1	116
C1378	PF12796	super_239	12998	112923	3	3	2838
C1379	PF12796	super_22	2597710	2674548	6	2	158
C1380	PF12796	super_18	729113	747613	2	0	153
C1381	PF12796	super_169	32001	103174	2	1	1879
C1382	PF12796	super_15	2329373	2547385	3	5	510
C1383	PF12796	super_1	5394393	5472753	5	4	42
C1384	PF12796	super_0	8681508	8704937	2	0	1
C1385	PF12796	super_257	218393	283374	3	0	1196
C1386	PF12799	super_57	1286318	1354577	2	4	416
C1387	PF12799	super_235	80510	108783	2	1	665
C1388	PF12799	super_189	137108	149792	2	0	203
C1389	PF12819	super_37	545952	628550	2	4	1016
C1390	PF12819	super_53	1777782	1880658	2	3	413
C1391	PF12819	super_84	58116	172202	2	1	2788
C1392	PF12819	super_50	818	65133	3	1	2111
C1393	PF12819	super_493	96	36926	2	0	1387
C1394	PF12819	super_48	1216372	1267477	2	1	295
C1395	PF12819	super_43	1337271	1382175	2	0	242
C1396	PF12819	super_369	2414	59634	2	3	1856
C1397	PF12819	super_137	3527	159445	3	4	4328
C1398	PF12819	super_21	2762321	2945552	2	6	345
C1399	PF12819	super_2	3982465	4042788	2	2	39
C1400	PF12819	super_161	56634	105629	2	0	1255
C1401	PF12819	super_150	619754	700574	2	3	944
C1402	PF12819	super_15	3252268	3317712	2	1	96
C1403	PF12819	super_115	762201	797961	2	1	303
C1404	PF12819	super_24	38338	92902	2	0	1429
C1405	PF12899	super_93	1023436	1060302	2	3	261
C1406	PF12937	super_80	822739	866679	2	1	378
C1407	PF12937	super_16	3539905	3560569	2	1	24
C1408	PF13041	super_37	2002091	2100223	2	7	314
C1409	PF13041	super_411	13	62163	4	0	2142
C1410	PF13041	super_46	228921	231392	2	0	12
C1411	PF13041	super_55	1596829	1635349	3	1	159
C1412	PF13041	super_67	1139152	1439663	3	19	1852
C1413	PF13041	super_68	1261136	1268462	2	0	18
C1414	PF13041	super_30	1448233	1764657	3	17	1470
C1415	PF13041	super_7	3122917	3345519	2	14	341
C1416	PF13041	super_132	196625	205343	2	0	100
C1417	PF13041	super_77	571699	744950	2	15	2035
C1418	PF13041	super_8	3457932	3621835	2	10	214
C1419	PF13041	super_8	4207691	4499875	4	16	209
C1420	PF13041	super_85	11949	248011	2	16	5894
C1421	PF13041	super_91	643876	691285	2	5	529
C1422	PF13041	super_97	142470	203062	2	5	1278
C1423	PF13041	super_29	2043698	2253554	2	14	674
C1424	PF13041	super_71	652275	793867	3	4	1530
C1425	PF13041	super_29	453504	583369	3	15	1762
C1426	PF13041	super_12	3178008	3308957	2	9	195
C1427	PF13041	super_25	2596993	2779557	3	11	378
C1428	PF13041	super_0	4621532	4742146	3	6	66
C1429	PF13041	super_0	8245553	8403729	2	9	10	set(['Sphfalx0000s0548', 'Sphfalx0000s0549', 'Sphfalx0000s0555', 'Sphfalx0000s0554', 'Sphfalx0000s0556', 'Sphfalx0000s0551', 'Sphfalx0000s0547', 'Sphfalx0000s0553', 'Sphfalx0000s0552', 'Sphfalx0000s0550'])	0.45815673847623806	set([])	-0.13309724141402823
C1430	PF13041	super_103	887391	1037021	2	9	1232
C1431	PF13041	super_104	1024550	1136006	2	9	814
C1432	PF13041	super_106	920877	968235	2	4	386
C1433	PF13041	super_108	288458	418727	2	6	2181
C1434	PF13041	super_141	534566	570474	2	2	424
C1435	PF13041	super_27	2337355	2704522	3	30	838
C1436	PF13041	super_170	549859	619616	2	6	853
C1437	PF13041	super_189	321266	537541	3	12	3347
C1438	PF13041	super_19	2676731	2869209	3	14	376
C1439	PF13041	super_207	242632	439927	2	12	3344
C1440	PF13041	super_24	1387907	1402733	2	1	54
C1441	PF13041	super_24	2651389	2941522	3	27	559
C1442	PF13041	super_242	271379	281493	2	0	125
C1443	PF13041	super_15	276634	286562	2	1	105
C1444	PF13086	super_23	322494	355885	2	0	510
C1445	PF13087	super_23	322494	355885	2	0	510
C1446	PF13091	super_16	2585811	2657799	3	4	143
C1447	PF13129	super_87	81153	157406	3	1	1770
C1448	PF13193	super_78	207910	231694	2	0	429
C1449	PF13193	super_20	646099	730020	2	9	954
C1450	PF13202	super_13	323200	373448	2	3	830
C1451	PF13347	super_141	506640	528443	2	0	263
C1452	PF13359	super_225	231926	317684	2	6	1513
C1453	PF13360	super_153	475847	516901	3	2	549
C1454	PF13360	super_91	527986	533224	2	0	26
C1455	PF13371	super_97	522188	528091	2	0	39
C1456	PF13371	super_98	731944	740163	2	0	53
C1457	PF13371	super_77	1347309	1395005	3	0	243
C1458	PF13371	super_49	906565	1010681	4	1	820
C1459	PF13371	super_130	672157	722475	2	0	568
C1460	PF13371	super_127	883192	892192	2	0	63
C1461	PF13371	super_77	777523	854155	2	3	708
C1462	PF13409	super_12	2955453	2965769	2	0	21
C1463	PF13410	super_12	2955453	2965769	2	0	21
C1464	PF13410	super_263	218863	255681	3	2	663
C1465	PF13414	super_6	4338935	4530860	2	9	105
C1466	PF13414	super_6	2640671	2792218	2	10	304
C1467	PF13414	super_76	1269928	1463842	2	15	1133
C1468	PF13414	super_4	3676105	3685690	2	0	6	set(['Sphfalx0014s0252', 'Sphfalx0010s0256', 'Sphfalx0004s0237', 'Sphfalx0005s0255', 'Sphfalx0001s0230', 'Sphfalx0013s0286'])	0.4509010270076176	set([])	-0.31705228506133787
C1469	PF13414	super_163	2338	194828	3	13	5202
C1470	PF13414	super_46	82439	101146	2	0	381
C1471	PF13414	super_77	434257	784554	3	24	4373
C1472	PF13417	super_97	408615	417656	2	1	76
C1473	PF13417	super_263	218863	255681	2	3	663
C1474	PF13419	super_371	6243	89853	2	4	2542
C1475	PF13450	super_56	1381987	1562919	2	6	944
C1476	PF13489	super_130	166517	217166	3	7	1040
C1477	PF13499	super_13	323200	373448	2	3	830
C1478	PF13499	super_133	302387	514867	2	10	3371
C1479	PF13499	super_159	435558	538521	2	5	1444
C1480	PF13499	super_34	941432	970281	2	1	207
C1481	PF13499	super_40	1093727	1120336	2	2	159
C1482	PF13499	super_6	184947	232213	2	3	923
C1483	PF13499	super_67	1435942	1502474	2	7	327
C1484	PF13528	super_116	54526	150008	2	10	2349
C1485	PF13561	super_127	261275	456673	9	6	3299
C1486	PF13561	super_154	264563	278153	2	0	198
C1487	PF13561	super_186	4323	89655	2	7	2614
C1488	PF13561	super_21	2563537	2582713	2	0	37
C1489	PF13561	super_30	2395508	2488587	2	7	238
C1490	PF13561	super_57	1581216	1608964	2	0	115
C1491	PF13561	super_7	4854557	5087275	4	13	111
C1492	PF13561	super_84	1054718	1076889	2	1	158
C1493	PF13579	super_1	5386809	5493381	2	11	60
C1494	PF13630	super_21	2183580	2214022	2	1	77
C1495	PF13632	super_275	127802	152552	2	0	479
C1496	PF13632	super_128	687906	778398	2	3	940
C1497	PF13637	super_1	5394393	5467097	3	5	41
C1498	PF13637	super_22	2614971	2663542	2	3	101
C1499	PF13639	super_30	226547	266917	2	1	687
C1500	PF13639	super_22	1852381	1886626	2	0	127
C1501	PF13639	super_21	835368	1079607	2	14	2062
C1502	PF13639	super_20	2615733	2703429	2	5	173
C1503	PF13639	super_35	102529	485244	3	25	7173
C1504	PF13639	super_14	2832521	3084744	2	18	454
C1505	PF13639	super_12	719303	805292	2	4	835
C1506	PF13639	super_0	8864367	8954784	2	7	8	set(['Sphfalx0000s0586', 'Sphfalx0000s0587', 'Sphfalx0000s0584', 'Sphfalx0000s0585', 'Sphfalx0000s0583', 'Sphfalx0000s0590', 'Sphfalx0000s0588', 'Sphfalx0000s0589'])	0.524115045521366	set([])	-0.41103117457752286
C1507	PF13639	super_173	143466	267930	2	11	2554
C1508	PF13650	super_1	6710180	6719692	2	0	2	set(['Sphfalx0000s0432', 'Sphfalx0001s0439'])	0.4682503147553264	set([])	0
C1509	PF13650	super_19	2810796	2822574	2	0	12
C1510	PF13668	super_159	567437	585485	2	0	183
C1511	PF13668	super_7	4115955	4159345	2	0	22
C1512	PF13672	super_12	680202	703922	2	0	258
C1513	PF13672	super_126	562139	578980	2	0	174
C1514	PF13672	super_47	781044	796068	2	0	104
C1515	PF13676	super_0	11057937	11083956	2	0	1
C1516	PF13774	super_137	316150	324046	2	0	78
C1517	PF13812	super_29	453504	583369	2	16	1762
C1518	PF13833	super_170	585699	599836	2	0	119
C1519	PF13837	super_34	1675171	1768276	2	5	413
C1520	PF13837	super_84	407709	463325	2	0	784
C1521	PF13837	super_3	240982	392891	2	15	2637
C1522	PF13837	super_20	3151764	3287447	2	9	203
C1523	PF13837	super_199	259997	412690	2	7	2650
C1524	PF13837	super_268	22874	47183	2	0	655
C1525	PF13839	super_2	262978	278053	2	1	241
C1526	PF13848	super_15	1701057	1922999	2	17	924
C1527	PF13855	super_66	296959	302939	2	0	56
C1528	PF13855	super_6	2126926	2190073	2	1	208
C1529	PF13855	super_39	1656459	1913337	2	14	1081
C1530	PF13855	super_3	2074876	2158810	2	4	273
C1531	PF13855	super_29	2122326	2313682	2	12	577
C1532	PF13855	super_284	35827	126081	2	6	2325
C1533	PF13855	super_28	1168139	1291640	2	10	763
C1534	PF13855	super_260	112503	183260	2	2	1549
C1535	PF13855	super_25	2601834	2788364	2	12	384
C1536	PF13855	super_21	2274769	2334316	2	2	162
C1537	PF13855	super_171	44074	109574	2	1	1713
C1538	PF13855	super_2	3982465	4125858	2	7	106
C1539	PF13855	super_152	39720	104240	2	4	1675
C1540	PF13855	super_148	478932	732067	5	13	3192
C1541	PF13855	super_137	38877	159445	2	4	2996
C1542	PF13855	super_11	2340319	2371552	2	0	62
C1543	PF13855	super_109	971921	1068584	2	5	725
C1544	PF13855	super_1	2761063	2872766	2	1	215
C1545	PF13855	super_0	6008385	6191327	6	2	33
C1546	PF13855	super_0	2291900	2530403	2	21	576
C1547	PF13855	super_21	1048881	1260135	2	11	1435
C1548	PF13857	super_95	1116634	1168779	2	0	327
C1549	PF13857	super_316	61735	118099	2	1	1417
C1550	PF13857	super_18	729113	798027	2	2	642
C1551	PF13857	super_22	2597710	2663542	2	5	135
C1552	PF13911	super_144	170107	178978	2	0	116
C1553	PF13920	super_151	427932	538419	2	10	1542
C1554	PF13920	super_2	4977729	5195011	2	11	107
C1555	PF13920	super_40	600326	619969	2	2	205
C1556	PF13920	super_6	4129597	4164262	2	1	18
C1557	PF13920	super_77	1284414	1426946	2	12	845
C1558	PF13947	super_14	2498672	2583236	2	1	181
C1559	PF13952	super_14	2991453	3164771	4	10	265
C1560	PF13952	super_9	3485002	3700318	2	4	257
C1561	PF13960	super_14	2991453	3011875	2	3	31
C1562	PF13960	super_57	322884	516195	2	6	3041
C1563	PF13960	super_56	1748107	1843240	2	3	394
C1564	PF13960	super_263	105221	137762	2	2	682
C1565	PF13960	super_250	13157	170913	2	6	4200
C1566	PF13960	super_0	7635976	7664884	2	3	3	set(['Sphfalx0000s0504', 'Sphfalx0000s0505', 'Sphfalx0000s0503'])	0.22942127413587568	set([])	0
C1567	PF13960	super_190	16299	193876	2	7	4571
C1568	PF13960	super_160	504504	541328	2	3	467
C1569	PF13960	super_103	751339	782214	2	4	258
C1570	PF13960	super_7	3505307	3651527	2	12	175
C1571	PF13960	super_228	91	414605	3	31	9442
C1572	PF13961	super_3	3657115	3665478	2	0	9	set(['Sphfalx0008s0208', 'Sphfalx0014s0251', 'Sphfalx0004s0234', 'Sphfalx0004s0235', 'Sphfalx0010s0255', 'Sphfalx0005s0254', 'Sphfalx0012s0253', 'Sphfalx0003s0270', 'Sphfalx0009s0239'])	0.21169145637857492	set([])	-0.35346476401105315
C1573	PF13961	super_295	218717	224164	2	0	44
C1574	PF13961	super_34	2472832	2523764	3	2	99
C1575	PF13961	super_241	101778	177994	3	4	1716
C1576	PF13961	super_107	113692	135809	3	0	429
C1577	PF13961	super_175	18640	23887	2	0	103
C1578	PF13961	super_118	881809	898960	2	0	145
C1579	PF13961	super_185	11372	33527	2	2	706
C1580	PF13962	super_65	96491	122760	2	0	567
C1581	PF13962	super_63	270327	301902	3	0	521
C1582	PF13962	super_4	2285733	2330021	2	1	116
C1583	PF13962	super_32	836203	912549	2	1	690
C1584	PF13962	super_26	2737304	2772262	2	1	77
C1585	PF13962	super_558	22	21659	2	1	892
C1586	PF13962	super_239	12998	112923	3	3	2838
C1587	PF13962	super_22	2597710	2663542	5	2	135
C1588	PF13962	super_176	330819	425591	3	3	1563
C1589	PF13962	super_1	147376	192979	2	0	958
C1590	PF13962	super_0	8681508	8704937	2	0	1
C1591	PF13962	super_257	218393	283374	3	0	1196
C1592	PF13976	super_61	1797887	1805025	2	0	17
C1593	PF13976	super_58	1463214	1470749	2	0	25
C1594	PF13976	super_567	3185	18812	2	1	547
C1595	PF13976	super_49	153376	320302	2	5	3304
C1596	PF13976	super_439	49228	62026	3	0	250
C1597	PF13976	super_391	531	28510	3	0	1053
C1598	PF13976	super_386	87227	94679	2	0	96
C1599	PF13976	super_34	2475479	2493516	2	1	38
C1600	PF13976	super_302	211037	217845	2	0	82
C1601	PF13976	super_3	3627943	3661135	3	0	39
C1602	PF13976	super_241	95809	177994	6	2	1882
C1603	PF13976	super_23	1513701	1763443	2	19	1130
C1604	PF13976	super_188	197305	209441	2	1	188
C1605	PF13976	super_185	1143	35899	3	3	1262
C1606	PF13976	super_139	749355	825022	2	3	699
C1607	PF13976	super_13	436863	556268	4	4	1663
C1608	PF13976	super_118	878116	898960	2	1	176
C1609	PF13976	super_114	822564	1011753	5	5	1645
C1610	PF13976	super_107	80431	351175	7	9	5611
C1611	PF13976	super_282	8497	90734	4	5	2473
C1612	PF14009	super_7	1351394	1407967	2	0	294
C1613	PF14009	super_228	197650	227530	2	0	566
C1614	PF14009	super_124	737790	745606	2	0	38
C1615	PF14144	super_130	38184	128578	3	1	2334
C1616	PF14214	super_35	2404598	2450006	2	4	122
C1617	PF14214	super_7	4499177	4606386	2	8	72
C1618	PF14214	super_66	153752	396146	2	20	4638
C1619	PF14214	super_9	260879	490580	2	22	3803
C1620	PF14214	super_54	1268357	1340669	2	7	431
C1621	PF14214	super_52	1749704	1874501	2	9	521
C1622	PF14214	super_42	459608	652889	2	20	2521
C1623	PF14214	super_35	205545	430979	2	9	4017
C1624	PF14214	super_55	1767700	1858773	2	8	347
C1625	PF14214	super_312	1099	108197	2	7	3283
C1626	PF14214	super_3	3509159	3832052	3	20	364
C1627	PF14214	super_27	1768225	1991539	2	17	857
C1628	PF14214	super_229	88738	191022	2	6	2328
C1629	PF14214	super_226	2559	7851	2	0	125
C1630	PF14214	super_149	186625	242875	2	3	1118
C1631	PF14214	super_134	341844	474636	2	3	2097
C1632	PF14214	super_34	2263335	2422260	2	11	428
C1633	PF14223	super_57	443025	553537	2	2	1534
C1634	PF14223	super_444	240	14692	2	1	572
C1635	PF14223	super_387	76165	91662	2	0	312
C1636	PF14223	super_31	2601114	2661568	2	0	124
C1637	PF14223	super_205	220374	264377	2	0	763
C1638	PF14223	super_241	142463	171213	2	1	592
C1639	PF14223	super_20	2326645	2421998	2	3	240
C1640	PF14223	super_282	69692	86386	2	2	355
C1641	PF14226	super_60	484248	533293	2	1	670
C1642	PF14226	super_75	426782	634255	2	7	2784
C1643	PF14226	super_37	794762	828978	3	1	305
C1644	PF14226	super_171	160784	192361	2	2	645
C1645	PF14226	super_152	224838	245758	2	2	372
C1646	PF14226	super_127	557399	595536	3	0	452
C1647	PF14226	super_25	751392	772573	2	1	172
C1648	PF14227	super_302	207937	212869	2	0	33
C1649	PF14227	super_34	5339	41938	2	0	1232
C1650	PF14227	super_34	2472832	2531105	4	2	119
C1651	PF14227	super_386	87227	94679	2	0	96
C1652	PF14227	super_391	531	28510	3	0	1053
C1653	PF14227	super_439	49228	62026	3	0	250
C1654	PF14227	super_5	694567	734339	2	2	418
C1655	PF14227	super_567	7463	18812	2	0	354
C1656	PF14227	super_58	1376242	1467271	2	4	493
C1657	PF14227	super_61	1783751	1809815	3	1	99
C1658	PF14227	super_76	1113	6655	2	0	157
C1659	PF14227	super_83	1397574	1407582	2	0	39
C1660	PF14227	super_49	153376	320302	2	5	3304
C1661	PF14227	super_3	3627943	3665478	4	0	44
C1662	PF14227	super_139	749355	825022	2	3	699
C1663	PF14227	super_280	1562	117044	2	5	3462
C1664	PF14227	super_241	95809	131989	4	0	811
C1665	PF14227	super_205	208651	266168	3	2	1049
C1666	PF14227	super_188	193653	230898	5	1	714
C1667	PF14227	super_185	1143	33527	5	0	1190
C1668	PF14227	super_175	5497	23887	3	1	624
C1669	PF14227	super_147	453530	498735	5	0	619
C1670	PF14227	super_145	781401	795628	2	0	95
C1671	PF14227	super_282	8497	107780	7	4	2917
C1672	PF14227	super_13	534622	556268	4	0	230
C1673	PF14227	super_118	878116	928325	3	2	423
C1674	PF14227	super_114	822564	1011753	4	6	1645
C1675	PF14227	super_107	80431	138752	5	3	1379
C1676	PF14244	super_0	2763552	2779458	2	0	29
C1677	PF14309	super_27	270733	338390	2	3	1137
C1678	PF14363	super_179	338156	479798	2	11	2248
C1679	PF14368	super_56	613414	654030	2	1	426
C1680	PF14368	super_90	675688	713829	2	0	416
C1681	PF14368	super_30	2247144	2288919	5	1	105
C1682	PF14379	super_140	536327	564569	2	0	315
C1683	PF14379	super_173	291588	316892	2	1	386
C1684	PF14379	super_78	880642	946957	2	2	573
C1685	PF14383	super_27	270733	338390	2	3	1137
C1686	PF14389	super_2	1082080	1163759	2	4	533
C1687	PF14389	super_79	288023	579153	3	15	4492
C1688	PF14416	super_2	262978	278053	2	1	241
C1689	PF14432	super_85	957417	1047245	2	5	666
C1690	PF14432	super_85	11949	248011	2	16	5894
C1691	PF14432	super_8	4207691	4499875	3	17	209
C1692	PF14432	super_77	571699	898899	3	21	3532
C1693	PF14432	super_68	1261136	1268462	2	0	18
C1694	PF14432	super_43	1274166	1304550	2	3	167
C1695	PF14432	super_411	13	62163	4	0	2142
C1696	PF14432	super_36	308563	345212	2	2	558
C1697	PF14432	super_197	358902	494067	3	10	2085
C1698	PF14432	super_24	1260526	1402733	3	6	840
C1699	PF14432	super_193	159403	338856	2	13	3475
C1700	PF14432	super_189	254152	537541	4	14	4577
C1701	PF14432	super_170	549859	619616	2	6	853
C1702	PF14432	super_14	2453002	2539369	2	2	178
C1703	PF14432	super_12	3178008	3308957	2	9	195
C1704	PF14432	super_103	874194	890409	2	0	118
C1705	PF14432	super_3	5324159	5490685	2	10	90
C1706	PF14476	super_173	353800	451472	4	10	1549
C1707	PF14476	super_54	500773	709361	8	10	2609
C1708	PF14497	super_17	2014331	2163020	3	8	480
C1709	PF14510	super_58	574236	710862	2	7	1627
C1710	PF14510	super_40	401531	427795	2	0	346
C1711	PF14510	super_41	583749	638504	3	0	632
C1712	PF14531	super_7	3817968	3903908	2	5	77
C1713	PF14541	super_9	1572517	1676060	3	4	457
C1714	PF14580	super_113	496354	587189	2	7	1180
C1715	PF14714	super_403	19942	67720	2	3	1348
C1716	PF14770	super_48	1811625	1878458	3	5	259
C1717	PF15474	super_339	6263	40612	2	2	1145
C1718	PF15491	super_321	290	113099	2	11	3455
C1719	PF15491	super_386	54136	56707	2	0	12
C1720	PF15491	super_418	5364	58311	2	4	1681
C1721	PF15801	super_240	254989	289726	2	2	579
C1722	PF16095	super_121	846662	936231	3	0	802
C1723	PF16095	super_437	13937	44310	2	2	913
C1724	PF16095	super_39	785379	855749	3	2	648
C1725	PF16095	super_315	65826	194845	2	10	3054
C1726	PF16095	super_31	487011	801160	5	13	3771
C1727	PF16095	super_109	414924	601365	3	11	2570
C1728	PF16095	super_172	27552	104563	2	3	2067
C1729	PF16095	super_136	725664	818715	2	6	892
C1730	PF16095	super_216	397268	450738	2	0	754
C1731	PF16123	super_107	702972	796524	3	2	908
C1732	PF16656	super_109	453201	548127	2	7	1299
C1733	PF16879	super_15	2866039	2944580	2	6	141
C1734	PF16884	super_112	426770	479465	2	0	721
C1735	PF16884	super_133	8096	105882	2	3	2888
C1736	PF16916	super_279	71261	80649	2	0	156
C1737	PF16953	super_6	3202914	3235095	2	1	46
